Timestamp,PM25,PM10,MQ2_ppm,MQ7_ppm,Temp,Hum,Status
2026-03-21 02:00:00 UTC,536,607,95.2,11.7,23.7,97.8,Safe (Misting Detected)
2026-03-21 02:00:10 UTC,501,567,109.9,13.2,23.6,98.1,Safe (Misting Detected)
2026-03-21 02:00:20 UTC,461,531,98.4,12.1,23.6,98,Safe (Misting Detected)
2026-03-21 02:00:30 UTC,435,507,105.5,12.9,23.6,97.8,Safe (Misting Detected)
2026-03-21 02:00:40 UTC,436,515,98.4,12.4,23.5,97.6,Safe (Misting Detected)
2026-03-21 02:00:50 UTC,436,514,97.9,11.9,23.6,97.6,Safe (Misting Detected)
2026-03-21 02:01:00 UTC,425,495,109.4,13.7,23.6,97.5,Safe (Misting Detected)
2026-03-21 02:01:10 UTC,405,479,97.9,12.2,23.5,97.3,Safe (Misting Detected)
2026-03-21 02:01:20 UTC,400,473,109.4,13.4,23.5,97.2,Safe (Misting Detected)
2026-03-21 02:01:30 UTC,407,487,99.4,12.3,23.5,97.2,Safe (Misting Detected)
2026-03-21 02:01:40 UTC,402,477,111.6,13.6,23.5,97.2,Safe (Misting Detected)
2026-03-21 02:01:50 UTC,399,477,99.4,12.2,23.6,97.2,Safe (Misting Detected)
2026-03-21 02:02:00 UTC,406,479,109.4,13.3,23.5,97.2,Safe (Misting Detected)
2026-03-21 02:02:10 UTC,412,489,98.7,12,23.5,97.1,Safe (Misting Detected)
2026-03-21 02:02:20 UTC,406,480,108.4,13.1,23.5,96.9,Safe (Misting Detected)
2026-03-21 02:02:30 UTC,408,481,109.4,13.3,23.5,97.1,Safe (Misting Detected)
2026-03-21 02:02:40 UTC,417,487,109.2,13.6,23.5,97.3,Safe (Misting Detected)
2026-03-21 02:02:50 UTC,426,492,105.5,12.8,23.5,97.6,Safe (Misting Detected)
2026-03-21 02:03:00 UTC,418,479,100.4,12.5,23.5,97.6,Safe (Misting Detected)
2026-03-21 02:03:10 UTC,417,477,103.8,12.5,23.5,97.6,Safe (Misting Detected)
2026-03-21 02:03:20 UTC,423,493,94.3,11.5,23.4,97.5,Safe (Misting Detected)
2026-03-21 02:03:30 UTC,423,493,109.4,13.4,23.4,97.5,Safe (Misting Detected)
2026-03-21 02:03:40 UTC,409,479,98.9,12.2,23.5,97.4,Safe (Misting Detected)
2026-03-21 02:03:50 UTC,393,463,109.4,13.3,23.4,97.3,Safe (Misting Detected)
2026-03-21 02:04:00 UTC,412,495,97.7,12.2,23.4,97.6,Safe (Misting Detected)
2026-03-21 02:04:10 UTC,415,497,112.8,13.3,23.4,97.8,Safe (Misting Detected)
2026-03-21 02:04:20 UTC,415,494,101.3,12,23.4,97.7,Safe (Misting Detected)
2026-03-21 02:04:30 UTC,422,499,109.4,13.4,23.4,97.7,Safe (Misting Detected)
2026-03-21 02:04:40 UTC,412,488,107.7,13.6,23.4,97.6,Safe (Misting Detected)
2026-03-21 02:04:50 UTC,418,502,99.1,12.5,23.4,97.5,Safe (Misting Detected)
2026-03-21 02:05:00 UTC,417,500,111.1,13.1,23.4,97.6,Safe (Misting Detected)
2026-03-21 02:05:10 UTC,415,501,92.6,11.5,23.4,97.6,Safe (Misting Detected)
2026-03-21 02:05:20 UTC,409,489,108.4,13.6,23.4,97.8,Safe (Misting Detected)
2026-03-21 02:05:30 UTC,406,487,97.4,12.1,23.4,97.7,Safe (Misting Detected)
2026-03-21 02:05:40 UTC,410,486,105.5,13.2,23.4,97.7,Safe (Misting Detected)
2026-03-21 02:05:50 UTC,416,492,95,12.1,23.4,97.7,Safe (Misting Detected)
2026-03-21 02:06:00 UTC,421,504,108.4,13.6,23.5,97.8,Safe (Misting Detected)
2026-03-21 02:06:10 UTC,419,500,97.7,12.5,23.4,97.7,Safe (Misting Detected)
2026-03-21 02:06:20 UTC,405,478,109.9,13.3,23.4,97.7,Safe (Misting Detected)
2026-03-21 02:06:30 UTC,403,474,97.7,12.4,23.4,97.6,Safe (Misting Detected)
2026-03-21 02:06:40 UTC,419,490,107.9,13.3,23.4,97.6,Safe (Misting Detected)
2026-03-21 02:06:50 UTC,414,472,111.1,13.5,23.3,97.7,Safe (Misting Detected)
2026-03-21 02:07:00 UTC,406,465,99.4,12.3,23.3,97.7,Safe (Misting Detected)
2026-03-21 02:07:10 UTC,415,488,107.2,13.5,23.3,97.9,Safe (Misting Detected)
2026-03-21 02:07:20 UTC,412,485,90.1,11.7,23.3,97.9,Safe (Misting Detected)
2026-03-21 02:07:30 UTC,415,496,108.7,13.4,23.4,97.9,Safe (Misting Detected)
2026-03-21 02:07:40 UTC,427,508,91.8,11.9,23.4,97.9,Safe (Misting Detected)
2026-03-21 02:07:50 UTC,426,501,106.2,13.5,23.3,98.2,Safe (Misting Detected)
2026-03-21 02:08:00 UTC,421,501,98.2,12.1,23.3,98.1,Safe (Misting Detected)
2026-03-21 02:08:10 UTC,425,510,106.7,13.1,23.3,97.9,Safe (Misting Detected)
2026-03-21 02:08:20 UTC,422,505,105.5,13.3,23.3,98.1,Safe (Misting Detected)
2026-03-21 02:08:30 UTC,417,492,107.9,13.2,23.4,98,Safe (Misting Detected)
2026-03-21 02:08:40 UTC,416,484,107.4,13.6,23.3,97.9,Safe (Misting Detected)
2026-03-21 02:08:50 UTC,413,478,96.9,12.2,23.3,97.9,Safe (Misting Detected)
2026-03-21 02:09:00 UTC,404,470,102.3,12.8,23.3,97.7,Safe (Misting Detected)
2026-03-21 02:09:10 UTC,416,487,99.1,12.2,23.3,97.5,Safe (Misting Detected)
2026-03-21 02:09:20 UTC,410,475,108.7,13.3,23.3,97.4,Safe (Misting Detected)
2026-03-21 02:09:30 UTC,414,481,97.7,12.1,23.3,97.4,Safe (Misting Detected)
2026-03-21 02:09:40 UTC,427,500,110.1,13.4,23.3,97.4,Safe (Misting Detected)
2026-03-21 02:09:50 UTC,421,489,100.9,12.5,23.3,97.4,Safe (Misting Detected)
2026-03-21 02:10:00 UTC,414,491,108.2,13.6,23.3,97.3,Safe (Misting Detected)
2026-03-21 02:10:10 UTC,433,520,97.7,12,23.3,97.3,Safe (Misting Detected)
2026-03-21 02:10:20 UTC,440,521,107.2,13.6,23.3,97.4,Safe (Misting Detected)
2026-03-21 02:10:30 UTC,454,532,101.3,12.4,23.3,97.5,Safe (Misting Detected)
2026-03-21 02:10:40 UTC,452,542,101.1,13.7,23.3,97.4,Safe (Misting Detected)
2026-03-21 02:10:50 UTC,443,522,117.2,15.4,23.2,97.3,Safe (Misting Detected)
2026-03-21 02:11:00 UTC,428,500,100.1,13.7,23.2,97.4,Safe (Misting Detected)
2026-03-21 02:11:10 UTC,419,487,108.2,14.4,23.2,97.3,Safe (Misting Detected)
2026-03-21 02:11:20 UTC,416,480,94.5,12.5,23.2,97.1,Safe (Misting Detected)
2026-03-21 02:11:30 UTC,422,494,107.4,13.6,23.2,96.9,Safe (Misting Detected)
2026-03-21 02:11:40 UTC,429,506,102.3,13.3,23.2,96.9,Safe (Misting Detected)
2026-03-21 02:11:50 UTC,434,521,103.8,13.6,23.2,97,Safe (Misting Detected)
2026-03-21 02:12:00 UTC,442,521,93.8,12.3,23.2,97,Safe (Misting Detected)
2026-03-21 02:12:10 UTC,434,509,107,13.7,23.2,97.3,Safe (Misting Detected)
2026-03-21 02:12:20 UTC,446,526,99.9,13.1,23.2,97.2,Safe (Misting Detected)
2026-03-21 02:12:30 UTC,445,522,105.5,13.2,23.2,97.2,Safe (Misting Detected)
2026-03-21 02:12:40 UTC,439,515,110.9,13.7,23.2,97.2,Safe (Misting Detected)
2026-03-21 02:12:50 UTC,439,509,95,12.5,23.2,97.3,Safe (Misting Detected)
2026-03-21 02:13:00 UTC,446,519,111.1,14.1,23.2,97.1,Safe (Misting Detected)
2026-03-21 02:13:10 UTC,439,516,97.2,12.5,23.2,97,Safe (Misting Detected)
2026-03-21 02:13:20 UTC,441,519,109.4,13.5,23.1,96.8,Safe (Misting Detected)
2026-03-21 02:13:30 UTC,436,516,97.7,12.5,23.1,97.1,Safe (Misting Detected)
2026-03-21 02:13:40 UTC,455,540,106.7,13.8,23.1,97.3,Safe (Misting Detected)
2026-03-21 02:13:50 UTC,441,521,99.1,12.4,23.2,97.2,Safe (Misting Detected)
2026-03-21 02:14:00 UTC,438,519,109.4,13.4,23.2,97.2,Safe (Misting Detected)
2026-03-21 02:14:10 UTC,432,510,111.4,13.6,23.2,97,Safe (Misting Detected)
2026-03-21 02:14:20 UTC,458,549,101.3,12.9,23.2,97,Safe (Misting Detected)
2026-03-21 02:14:30 UTC,459,552,112.3,13.7,23.1,97,Safe (Misting Detected)
2026-03-21 02:14:40 UTC,454,539,100.4,12.4,23.1,97,Safe (Misting Detected)
2026-03-21 02:14:50 UTC,446,530,103.1,13.4,23.1,97,Safe (Misting Detected)
2026-03-21 02:15:00 UTC,441,521,100.9,12.5,23.1,97,Safe (Misting Detected)
2026-03-21 02:15:10 UTC,437,516,109.4,13.7,23.2,97.1,Safe (Misting Detected)
2026-03-21 02:15:20 UTC,432,509,98.9,12.4,23.1,97.1,Safe (Misting Detected)
2026-03-21 02:15:30 UTC,437,509,107.2,13.6,23.1,97.3,Safe (Misting Detected)
2026-03-21 02:15:40 UTC,438,511,93.5,11.7,23.2,97.5,Safe (Misting Detected)
2026-03-21 02:15:50 UTC,438,511,104,13.3,23.2,97.4,Safe (Misting Detected)
2026-03-21 02:16:00 UTC,435,512,97.7,12.4,23.2,97.3,Safe (Misting Detected)
2026-03-21 02:16:10 UTC,434,517,109.2,13.2,23.2,97.2,Safe (Misting Detected)
2026-03-21 02:16:20 UTC,432,513,109.2,13.3,23.2,97,Safe (Misting Detected)
2026-03-21 02:16:30 UTC,443,532,96.9,12.5,23.2,97.1,Safe (Misting Detected)
2026-03-21 02:16:40 UTC,445,535,106.7,13.4,23.2,97,Safe (Misting Detected)
2026-03-21 02:16:50 UTC,445,533,96,12.2,23.2,96.9,Safe (Misting Detected)
2026-03-21 02:17:00 UTC,431,520,110.1,13.6,23.2,96.9,Safe (Misting Detected)
2026-03-21 02:17:10 UTC,425,511,98.7,12.4,23.2,97.3,Safe (Misting Detected)
2026-03-21 02:17:20 UTC,436,519,109.2,13.4,23.2,97.4,Safe (Misting Detected)
2026-03-21 02:17:30 UTC,455,539,91.6,11.7,23.2,97.7,Safe (Misting Detected)
2026-03-21 02:17:40 UTC,458,541,108.7,13.6,23.2,98,Safe (Misting Detected)
2026-03-21 02:17:50 UTC,447,524,107.2,13.1,23.1,98.2,Safe (Misting Detected)
2026-03-21 02:18:00 UTC,441,512,107.4,13.5,23.1,98.2,Safe (Misting Detected)
2026-03-21 02:18:10 UTC,432,501,93.5,11.7,23.1,98.2,Safe (Misting Detected)
2026-03-21 02:18:20 UTC,428,503,97.2,12.4,23.1,98.2,Safe (Misting Detected)
2026-03-21 02:18:30 UTC,426,511,107,13.3,23.1,98.1,Safe (Misting Detected)
2026-03-21 02:18:40 UTC,415,494,99.4,12.4,23.1,98.1,Safe (Misting Detected)
2026-03-21 02:18:50 UTC,401,472,107,13.3,23.1,97.9,Safe (Misting Detected)
2026-03-21 02:19:00 UTC,380,443,95.5,12.3,23.1,97.7,Safe (Misting Detected)
2026-03-21 02:19:10 UTC,380,441,107,13.4,23.1,97.7,Safe (Misting Detected)
2026-03-21 02:19:20 UTC,385,455,96.9,12.3,23.1,97.6,Safe (Misting Detected)
2026-03-21 02:19:30 UTC,381,442,106.5,13.6,23.1,97.8,Safe (Misting Detected)
2026-03-21 02:19:40 UTC,378,444,95.2,12.1,23.1,97.9,Safe (Misting Detected)
2026-03-21 02:19:50 UTC,389,457,107.2,13.3,23.1,98,Safe (Misting Detected)
2026-03-21 02:20:00 UTC,399,469,102.8,12.9,23.1,98,Safe (Misting Detected)
2026-03-21 02:20:10 UTC,400,470,96.9,12.5,23.1,98.1,Safe (Misting Detected)
2026-03-21 02:20:20 UTC,403,469,109.4,13.3,23.1,98.2,Safe (Misting Detected)
2026-03-21 02:20:30 UTC,424,491,97.2,12.1,23.1,98.5,Safe (Misting Detected)
2026-03-21 02:20:40 UTC,411,475,105.7,13.2,23.1,98.7,Safe (Misting Detected)
2026-03-21 02:20:50 UTC,403,471,97.7,12.4,23,98.7,Safe (Misting Detected)
2026-03-21 02:21:00 UTC,395,468,105,13.5,23,98.6,Safe (Misting Detected)
2026-03-21 02:21:10 UTC,384,446,97.9,12.3,23.1,98.5,Safe (Misting Detected)
2026-03-21 02:21:20 UTC,382,436,110.6,13.4,23.1,98.5,Safe (Misting Detected)
2026-03-21 02:21:30 UTC,396,456,91.3,11.6,23.1,98.5,Safe (Misting Detected)
2026-03-21 02:21:40 UTC,391,454,109.6,13.2,23.1,98.5,Safe (Misting Detected)
2026-03-21 02:21:50 UTC,378,436,91.3,11.6,23.1,98.5,Safe (Misting Detected)
2026-03-21 02:22:00 UTC,373,435,105,13.1,23.1,98.8,Safe (Misting Detected)
2026-03-21 02:22:10 UTC,363,421,103.8,12.5,23.1,98.7,Safe (Misting Detected)
2026-03-21 02:22:20 UTC,372,427,95.2,12.1,23.1,98.8,Safe (Misting Detected)
2026-03-21 02:22:30 UTC,395,460,107.7,13.4,23.1,98.7,Safe (Misting Detected)
2026-03-21 02:22:40 UTC,409,481,90.1,11.5,23,98.8,Safe (Misting Detected)
2026-03-21 02:22:50 UTC,413,487,109.4,13.6,23,98.8,Safe (Misting Detected)
2026-03-21 02:23:00 UTC,415,489,97.7,12.1,23,98.8,Safe (Misting Detected)
2026-03-21 02:23:10 UTC,423,498,110.9,13.2,23,98.9,Safe (Misting Detected)
2026-03-21 02:23:20 UTC,439,517,96,12,23,99,Safe (Misting Detected)
2026-03-21 02:23:30 UTC,453,533,106,13.1,23,99,Safe (Misting Detected)
2026-03-21 02:23:40 UTC,454,533,100.1,11.8,23,99.1,Safe (Misting Detected)
2026-03-21 02:23:50 UTC,447,519,109.2,13.3,23,99,Safe (Misting Detected)
2026-03-21 02:24:00 UTC,436,512,93.5,12.1,23,99.1,Safe (Misting Detected)
2026-03-21 02:24:10 UTC,426,503,109.4,13.2,23,99,Safe (Misting Detected)
2026-03-21 02:24:20 UTC,423,495,103.8,13,23,99,Safe (Misting Detected)
2026-03-21 02:24:30 UTC,411,483,99.1,12,23,98.9,Safe (Misting Detected)
2026-03-21 02:24:40 UTC,407,478,107,13.3,23,98.9,Safe (Misting Detected)
2026-03-21 02:24:50 UTC,397,471,100.1,12.2,23,98.8,Safe (Misting Detected)
2026-03-21 02:25:00 UTC,390,465,102.3,12.5,23,98.8,Safe (Misting Detected)
2026-03-21 02:25:10 UTC,394,474,94.5,12,23,98.8,Safe (Misting Detected)
2026-03-21 02:25:20 UTC,394,473,102.8,13,23,98.8,Safe (Misting Detected)
2026-03-21 02:25:30 UTC,398,473,97.7,12,23,98.7,Safe (Misting Detected)
2026-03-21 02:25:40 UTC,399,465,104,13,23,98.8,Safe (Misting Detected)
2026-03-21 02:25:50 UTC,393,467,110.4,13.1,23,98.9,Safe (Misting Detected)
2026-03-21 02:26:00 UTC,390,458,108.7,13.2,23,98.9,Safe (Misting Detected)
2026-03-21 02:26:10 UTC,387,458,95,11.8,23,98.9,Safe (Misting Detected)
2026-03-21 02:26:20 UTC,375,443,97.7,12.1,23,98.9,Safe (Misting Detected)
2026-03-21 02:26:30 UTC,375,437,101.8,13.1,23,98.8,Safe (Misting Detected)
2026-03-21 02:26:40 UTC,368,427,97.7,12,23,98.8,Safe (Misting Detected)
2026-03-21 02:26:50 UTC,360,415,107.2,13.2,23,99.1,Safe (Misting Detected)
2026-03-21 02:27:00 UTC,355,412,97.2,11.8,23,99,Safe (Misting Detected)
2026-03-21 02:27:10 UTC,359,420,106,13.1,23,99.1,Safe (Misting Detected)
2026-03-21 02:27:20 UTC,367,429,97.7,12.4,23,99.1,Safe (Misting Detected)
2026-03-21 02:27:30 UTC,370,431,105.5,12.5,23,99,Safe (Misting Detected)
2026-03-21 02:27:40 UTC,360,421,97.7,12.1,23,99.1,Safe (Misting Detected)
2026-03-21 02:27:50 UTC,367,428,106,12.9,23,98.9,Safe (Misting Detected)
2026-03-21 02:28:00 UTC,369,442,106,13,23,98.9,Safe (Misting Detected)
2026-03-21 02:28:10 UTC,369,437,91.3,11.4,23,98.9,Safe (Misting Detected)
2026-03-21 02:28:20 UTC,368,437,103.8,12.3,23,98.9,Safe (Misting Detected)
2026-03-21 02:28:30 UTC,372,440,95.2,11.8,23.1,98.9,Safe (Misting Detected)
2026-03-21 02:28:40 UTC,395,463,107,13,23,98.9,Safe (Misting Detected)
2026-03-21 02:28:50 UTC,393,466,95.2,12,23,98.9,Safe (Misting Detected)
2026-03-21 02:29:00 UTC,388,462,106,12.9,23,99,Safe (Misting Detected)
2026-03-21 02:29:10 UTC,417,487,97.2,12.1,23,99.2,Safe (Misting Detected)
2026-03-21 02:29:20 UTC,421,497,105.7,12.8,23,99.4,Safe (Misting Detected)
2026-03-21 02:29:30 UTC,426,503,93.5,11.6,23,99.4,Safe (Misting Detected)
2026-03-21 02:29:40 UTC,428,504,107.2,13.1,23,99.5,Safe (Misting Detected)
2026-03-21 02:29:50 UTC,441,516,94.5,11.7,23,99.5,Safe (Misting Detected)
2026-03-21 02:30:00 UTC,444,522,111.1,13.2,23,99.6,Safe (Misting Detected)
2026-03-21 02:30:10 UTC,449,532,107,12.9,23,99.6,Safe (Misting Detected)
2026-03-21 02:30:20 UTC,450,532,97.2,12.1,23,99.5,Safe (Misting Detected)
2026-03-21 02:30:30 UTC,454,533,109.4,12.5,23,99.4,Safe (Misting Detected)
2026-03-21 02:30:40 UTC,445,531,97.4,11.8,23,99.4,Safe (Misting Detected)
2026-03-21 02:30:50 UTC,429,506,108.2,13.1,23,99.4,Safe (Misting Detected)
2026-03-21 02:31:00 UTC,423,489,93.3,11.8,23,99.4,Safe (Misting Detected)
2026-03-21 02:31:10 UTC,429,502,105.3,13,23,99.5,Safe (Misting Detected)
2026-03-21 02:31:20 UTC,437,514,98.4,12.1,23,99.5,Safe (Misting Detected)
2026-03-21 02:31:30 UTC,440,515,106.2,13,23.1,99.5,Safe (Misting Detected)
2026-03-21 02:31:40 UTC,428,508,98.7,11.7,23.1,99.5,Safe (Misting Detected)
2026-03-21 02:31:50 UTC,443,523,99.1,12.5,23,99.7,Safe (Misting Detected)
2026-03-21 02:32:00 UTC,461,539,88.6,11.5,23,99.7,Safe (Misting Detected)
2026-03-21 02:32:10 UTC,442,520,97.4,11.8,23,99.7,Safe (Misting Detected)
2026-03-21 02:32:20 UTC,447,526,109.2,13,23,99.7,Safe (Misting Detected)
2026-03-21 02:32:30 UTC,447,523,91.6,11.4,23,99.7,Safe (Misting Detected)
2026-03-21 02:32:40 UTC,454,533,102.6,13.1,23.1,99.7,Safe (Misting Detected)
2026-03-21 02:32:50 UTC,466,546,97.2,12,23.1,99.6,Safe (Misting Detected)
2026-03-21 02:33:00 UTC,447,526,106,12.9,23.1,99.6,Safe (Misting Detected)
2026-03-21 02:33:10 UTC,437,515,91.6,11.4,23.1,99.5,Safe (Misting Detected)
2026-03-21 02:33:20 UTC,433,513,106.2,13,23.1,99.5,Safe (Misting Detected)
2026-03-21 02:33:30 UTC,429,500,97.7,11.9,23,99.7,Safe (Misting Detected)
2026-03-21 02:33:40 UTC,427,501,107.7,12.9,23,99.5,Safe (Misting Detected)
2026-03-21 02:33:50 UTC,426,500,106.2,12.7,23.1,99.5,Safe (Misting Detected)
2026-03-21 02:34:00 UTC,434,509,105.7,13,23.1,99.5,Safe (Misting Detected)
2026-03-21 02:34:10 UTC,453,529,96.9,12.1,23,99.4,Safe (Misting Detected)
2026-03-21 02:34:20 UTC,453,530,89.9,11.1,23,99.7,Safe (Misting Detected)
2026-03-21 02:34:30 UTC,453,524,105.5,13,23,99.6,Safe (Misting Detected)
2026-03-21 02:34:40 UTC,445,514,93.8,11.6,23,99.7,Safe (Misting Detected)
2026-03-21 02:34:50 UTC,449,528,106,12.8,23,99.6,Safe (Misting Detected)
2026-03-21 02:35:00 UTC,458,540,94.7,12,23,99.5,Safe (Misting Detected)
2026-03-21 02:35:10 UTC,464,549,106,12.9,23,99.4,Safe (Misting Detected)
2026-03-21 02:35:20 UTC,470,551,96.9,11.7,23,99.6,Safe (Misting Detected)
2026-03-21 02:35:30 UTC,473,547,100.4,12.5,23,99.6,Safe (Misting Detected)
2026-03-21 02:35:40 UTC,462,540,95.2,12,23,99.6,Safe (Misting Detected)
2026-03-21 02:35:50 UTC,464,546,100.1,11.6,23,99.6,Safe (Misting Detected)
2026-03-21 02:36:00 UTC,443,519,105.5,12.9,23.1,99.5,Safe (Misting Detected)
2026-03-21 02:36:10 UTC,435,507,97.7,11.8,23.1,99.4,Safe (Misting Detected)
2026-03-21 02:36:20 UTC,423,493,100.4,12.5,23.1,99.2,Safe (Misting Detected)
2026-03-21 02:36:30 UTC,432,505,95.5,12.1,23.1,99.2,Safe (Misting Detected)
2026-03-21 02:36:40 UTC,444,515,105.5,13,23,99.1,Safe (Misting Detected)
2026-03-21 02:36:50 UTC,445,515,97.7,11.9,23.1,99,Safe (Misting Detected)
2026-03-21 02:37:00 UTC,446,520,108.4,13.2,23.1,99,Safe (Misting Detected)
2026-03-21 02:37:10 UTC,456,533,90.1,11.3,23,99,Safe (Misting Detected)
2026-03-21 02:37:20 UTC,445,530,106.7,12.7,23,99.1,Safe (Misting Detected)
2026-03-21 02:37:30 UTC,459,538,97.7,12.1,23,99.4,Safe (Misting Detected)
2026-03-21 02:37:40 UTC,468,546,104.3,13.1,23,99.4,Safe (Misting Detected)
2026-03-21 02:37:50 UTC,463,541,96.5,11.8,23,99.5,Safe (Misting Detected)
2026-03-21 02:38:00 UTC,467,546,90.6,11.5,23,99.5,Safe (Misting Detected)
2026-03-21 02:38:10 UTC,468,546,108.4,13.1,23,99.5,Safe (Misting Detected)
2026-03-21 02:38:20 UTC,458,534,94,11.3,22.9,99.6,Safe (Misting Detected)
2026-03-21 02:38:30 UTC,470,548,109.2,13.2,22.9,99.6,Safe (Misting Detected)
2026-03-21 02:38:40 UTC,457,538,96.5,11.8,22.9,99.7,Safe (Misting Detected)
2026-03-21 02:38:50 UTC,456,538,104.3,12.4,23,99.7,Safe (Misting Detected)
2026-03-21 02:39:00 UTC,450,522,95,11.8,22.9,99.6,Safe (Misting Detected)
2026-03-21 02:39:10 UTC,449,517,107.7,13.1,22.9,99.7,Safe (Misting Detected)
2026-03-21 02:39:20 UTC,436,505,92.6,11.6,22.9,99.7,Safe (Misting Detected)
2026-03-21 02:39:30 UTC,439,501,103.1,12.8,22.9,99.6,Safe (Misting Detected)
2026-03-21 02:39:40 UTC,443,511,105.5,13,22.9,99.5,Safe (Misting Detected)
2026-03-21 02:39:50 UTC,451,528,98.4,12.1,22.9,99.4,Safe (Misting Detected)
2026-03-21 02:40:00 UTC,452,545,104.5,12.9,22.9,99.5,Safe (Misting Detected)
2026-03-21 02:40:10 UTC,450,535,97.7,12,22.9,99.6,Safe (Misting Detected)
2026-03-21 02:40:20 UTC,470,549,106,12.9,22.9,99.9,Safe (Misting Detected)
2026-03-21 02:40:30 UTC,483,559,95.7,11.6,22.9,100,Safe (Misting Detected)
2026-03-21 02:40:40 UTC,492,563,105.3,12.9,22.9,100,Safe (Misting Detected)
2026-03-21 02:40:50 UTC,476,548,93.5,11.9,22.9,100,Safe (Misting Detected)
2026-03-21 02:41:00 UTC,467,541,101.1,12.1,22.9,99.9,Safe (Misting Detected)
2026-03-21 02:41:10 UTC,466,548,90.4,11.4,22.9,99.8,Safe (Misting Detected)
2026-03-21 02:41:20 UTC,475,552,105.7,12.9,22.9,99.8,Safe (Misting Detected)
2026-03-21 02:41:30 UTC,477,549,93,11.6,22.9,99.8,Safe (Misting Detected)
2026-03-21 02:41:40 UTC,475,541,105.7,12.9,22.9,99.8,Safe (Misting Detected)
2026-03-21 02:41:50 UTC,493,565,103.8,13.1,22.9,100,Safe (Misting Detected)
2026-03-21 02:42:00 UTC,493,568,97.7,12.1,22.9,100,Safe (Misting Detected)
2026-03-21 02:42:10 UTC,499,580,105.5,12.5,22.9,100,Safe (Misting Detected)
2026-03-21 02:42:20 UTC,487,566,97.2,12,22.9,99.9,Safe (Misting Detected)
2026-03-21 02:42:30 UTC,480,566,107,12.8,22.9,99.8,Safe (Misting Detected)
2026-03-21 02:42:40 UTC,487,568,95,11.8,22.9,99.7,Safe (Misting Detected)
2026-03-21 02:42:50 UTC,492,575,104,12.8,22.9,99.7,Safe (Misting Detected)
2026-03-21 02:43:00 UTC,502,595,94.3,11.7,22.9,99.7,Safe (Misting Detected)
2026-03-21 02:43:10 UTC,506,595,103.1,12,22.9,99.7,Safe (Misting Detected)
2026-03-21 02:43:20 UTC,492,575,107.2,12.5,22.9,99.9,Safe (Misting Detected)
2026-03-21 02:43:30 UTC,496,577,105.7,12.5,22.9,99.9,Safe (Misting Detected)
2026-03-21 02:43:40 UTC,481,567,92.6,11.7,22.9,99.9,Safe (Misting Detected)
2026-03-21 02:43:50 UTC,470,549,94.5,11.6,22.9,100,Safe (Misting Detected)
2026-03-21 02:44:00 UTC,459,541,104.8,12.5,23,100,Safe (Misting Detected)
2026-03-21 02:44:10 UTC,470,555,96.2,12,22.9,100,Safe (Misting Detected)
2026-03-21 02:44:20 UTC,457,542,105.5,12.9,22.9,100,Safe (Misting Detected)
2026-03-21 02:44:30 UTC,466,542,93.5,11.8,22.9,100,Safe (Misting Detected)
2026-03-21 02:44:40 UTC,478,554,99.4,12.5,22.9,100,Safe (Misting Detected)
2026-03-21 02:44:50 UTC,470,549,97.7,11.9,22.9,100,Safe (Misting Detected)
2026-03-21 02:45:00 UTC,458,543,106.7,12.5,22.9,100,Safe (Misting Detected)
2026-03-21 02:45:10 UTC,465,545,96.5,11.7,22.9,100,Safe (Misting Detected)
2026-03-21 02:45:20 UTC,477,556,107.9,12.7,22.9,100,Safe (Misting Detected)
2026-03-21 02:45:30 UTC,486,559,105.7,12.9,22.9,100,Safe (Misting Detected)
2026-03-21 02:45:40 UTC,462,539,96.5,11.8,22.8,100,Safe (Misting Detected)
2026-03-21 02:45:50 UTC,457,534,101.3,12.5,22.9,100,Safe (Misting Detected)
2026-03-21 02:46:00 UTC,459,528,96.7,11.7,22.8,100,Safe (Misting Detected)
2026-03-21 02:46:10 UTC,454,526,106.2,13,22.9,99.9,Safe (Misting Detected)
2026-03-21 02:46:20 UTC,464,552,93.8,12,22.9,100,Safe (Misting Detected)
2026-03-21 02:46:30 UTC,472,559,104.3,12.9,22.9,100,Safe (Misting Detected)
2026-03-21 02:46:40 UTC,469,552,97.4,11.6,22.9,100,Safe (Misting Detected)
2026-03-21 02:46:50 UTC,467,550,102.3,12.1,22.9,100,Safe (Misting Detected)
2026-03-21 02:47:00 UTC,483,565,93.8,11.8,22.8,100,Safe (Misting Detected)
2026-03-21 02:47:10 UTC,479,559,107.2,12.9,22.8,100,Safe (Misting Detected)
2026-03-21 02:47:20 UTC,478,553,93,11.9,22.8,100,Safe (Misting Detected)
2026-03-21 02:47:30 UTC,470,543,97.4,11.7,22.8,100,Safe (Misting Detected)
2026-03-21 02:47:40 UTC,488,571,103.1,12.3,22.8,100,Safe (Misting Detected)
2026-03-21 02:47:50 UTC,489,568,96.2,11.7,22.8,100,Safe (Misting Detected)
2026-03-21 02:48:00 UTC,477,558,105.3,12.7,22.8,100,Safe (Misting Detected)
2026-03-21 02:48:10 UTC,460,548,96,11.7,22.8,100,Safe (Misting Detected)
2026-03-21 02:48:20 UTC,461,549,102.6,12.1,22.8,100,Safe (Misting Detected)
2026-03-21 02:48:30 UTC,463,551,89.4,11,22.8,100,Safe (Misting Detected)
2026-03-21 02:48:40 UTC,471,557,105.7,12.8,22.8,100,Safe (Misting Detected)
2026-03-21 02:48:50 UTC,471,562,96.7,11.6,22.8,100,Safe (Misting Detected)
2026-03-21 02:49:00 UTC,478,566,103.8,12.5,22.8,100,Safe (Misting Detected)
2026-03-21 02:49:10 UTC,496,578,105.7,12.9,22.8,100,Safe (Misting Detected)
2026-03-21 02:49:20 UTC,505,587,96.2,11.8,22.8,100,Safe (Misting Detected)
2026-03-21 02:49:30 UTC,499,581,105.5,12.9,22.8,100,Safe (Misting Detected)
2026-03-21 02:49:40 UTC,497,589,97.2,11.7,22.8,100,Safe (Misting Detected)
2026-03-21 02:49:50 UTC,475,554,105.7,13,22.8,100,Safe (Misting Detected)
2026-03-21 02:50:00 UTC,464,535,93,11.6,22.8,100,Safe (Misting Detected)
2026-03-21 02:50:10 UTC,452,520,98.7,12.1,22.8,100,Safe (Misting Detected)
2026-03-21 02:50:20 UTC,451,520,94,11.6,22.8,100,Safe (Misting Detected)
2026-03-21 02:50:30 UTC,443,516,106.2,12.9,22.8,100,Safe (Misting Detected)
2026-03-21 02:50:40 UTC,451,536,97.7,11.6,22.8,100,Safe (Misting Detected)
2026-03-21 02:50:50 UTC,451,534,105.5,12.8,22.8,100,Safe (Misting Detected)
2026-03-21 02:51:00 UTC,458,543,97.7,11.5,22.8,100,Safe (Misting Detected)
2026-03-21 02:51:10 UTC,465,555,106.2,13,22.8,100,Safe (Misting Detected)
2026-03-21 02:51:20 UTC,471,561,105,12.9,22.8,100,Safe (Misting Detected)
2026-03-21 02:51:30 UTC,482,572,96.9,11.7,22.8,100,Safe (Misting Detected)
2026-03-21 02:51:40 UTC,483,562,105,13,22.9,100,Safe (Misting Detected)
2026-03-21 02:51:50 UTC,480,554,95.5,11.7,22.8,100,Safe (Misting Detected)
2026-03-21 02:52:00 UTC,483,554,105.5,12.5,22.8,100,Safe (Misting Detected)
2026-03-21 02:52:10 UTC,469,542,93.3,11.6,22.8,100,Safe (Misting Detected)
2026-03-21 02:52:20 UTC,478,561,103.1,12.5,22.8,100,Safe (Misting Detected)
2026-03-21 02:52:30 UTC,502,591,94.3,11.5,22.8,100,Safe (Misting Detected)
2026-03-21 02:52:40 UTC,530,634,106.7,12.8,22.8,100,Safe (Misting Detected)
2026-03-21 02:52:50 UTC,525,627,93.8,11.5,22.8,100,Safe (Misting Detected)
2026-03-21 02:53:00 UTC,520,623,100.6,12.1,22.8,100,Safe (Misting Detected)
2026-03-21 02:53:10 UTC,522,626,96.7,11.6,22.9,100,Safe (Misting Detected)
2026-03-21 02:53:20 UTC,518,621,97.7,11.7,22.9,100,Safe (Misting Detected)
2026-03-21 02:53:30 UTC,522,626,102.8,12.8,22.8,100,Safe (Misting Detected)
2026-03-21 02:53:40 UTC,518,619,94.3,11.6,22.9,100,Safe (Misting Detected)
2026-03-21 02:53:50 UTC,502,599,105,13,22.9,100,Safe (Misting Detected)
2026-03-21 02:54:00 UTC,475,567,92.6,11.3,22.9,100,Safe (Misting Detected)
2026-03-21 02:54:10 UTC,473,558,104.8,12.9,22.9,100,Safe (Misting Detected)
2026-03-21 02:54:20 UTC,485,583,94.3,11.6,22.8,100,Safe (Misting Detected)
2026-03-21 02:54:30 UTC,471,565,103.8,12.5,22.8,100,Safe (Misting Detected)
2026-03-21 02:54:40 UTC,495,585,96.2,11.7,22.8,100,Safe (Misting Detected)
2026-03-21 02:54:50 UTC,484,572,103.3,12.4,22.8,100,Safe (Misting Detected)
2026-03-21 02:55:00 UTC,478,556,103.1,12.5,22.8,100,Safe (Misting Detected)
2026-03-21 02:55:10 UTC,489,563,102.6,12.4,22.8,100,Safe (Misting Detected)
2026-03-21 02:55:20 UTC,478,555,95.7,11.8,22.8,100,Safe (Misting Detected)
2026-03-21 02:55:30 UTC,483,572,93.5,11.5,22.8,100,Safe (Misting Detected)
2026-03-21 02:55:40 UTC,496,596,103.1,12.8,22.8,100,Safe (Misting Detected)
2026-03-21 02:55:50 UTC,493,587,95,11.7,22.7,100,Safe (Misting Detected)
2026-03-21 02:56:00 UTC,501,606,105.3,12.9,22.7,100,Safe (Misting Detected)
2026-03-21 02:56:10 UTC,474,573,97.4,11.9,22.8,100,Safe (Misting Detected)
2026-03-21 02:56:20 UTC,486,581,105.5,12.5,22.7,100,Safe (Misting Detected)
2026-03-21 02:56:30 UTC,490,580,97.2,11.4,22.8,100,Safe (Misting Detected)
2026-03-21 02:56:40 UTC,501,585,106.2,12.5,22.8,100,Safe (Misting Detected)
2026-03-21 02:56:50 UTC,493,571,95.5,11.7,22.7,100,Safe (Misting Detected)
2026-03-21 02:57:00 UTC,487,569,106,12.5,22.7,100,Safe (Misting Detected)
2026-03-21 02:57:10 UTC,501,597,105.3,12.9,22.7,100,Safe (Misting Detected)
2026-03-21 02:57:20 UTC,510,603,92.8,11.5,22.7,100,Safe (Misting Detected)
2026-03-21 02:57:30 UTC,496,582,104.3,12.8,22.7,100,Safe (Misting Detected)
2026-03-21 02:57:40 UTC,482,568,96,11.8,22.6,100,Safe (Misting Detected)
2026-03-21 02:57:50 UTC,472,548,107.7,12.8,22.7,100,Safe (Misting Detected)
2026-03-21 02:58:00 UTC,471,551,97.7,11.7,22.7,100,Safe (Misting Detected)
2026-03-21 02:58:10 UTC,461,542,105.5,12.8,22.7,100,Safe (Misting Detected)
2026-03-21 02:58:20 UTC,470,559,88.4,10.9,22.7,100,Safe (Misting Detected)
2026-03-21 02:58:30 UTC,481,584,105.5,12.9,22.7,100,Safe (Misting Detected)
2026-03-21 02:58:40 UTC,511,618,91.1,11.4,22.7,100,Safe (Misting Detected)
2026-03-21 02:58:50 UTC,539,645,96.2,12.1,22.7,100,Safe (Misting Detected)
2026-03-21 02:59:00 UTC,541,638,92.1,11.5,22.7,100,Safe (Misting Detected)
2026-03-21 02:59:10 UTC,539,631,94.3,11.6,22.7,100,Safe (Misting Detected)
2026-03-21 02:59:20 UTC,547,644,105.5,12.9,22.7,100,Safe (Misting Detected)
2026-03-21 02:59:30 UTC,561,676,95.2,11.6,22.7,100,Safe (Misting Detected)
2026-03-21 02:59:40 UTC,557,671,107,12.9,22.7,100,Safe (Misting Detected)
2026-03-21 02:59:50 UTC,573,692,96.9,11.7,22.7,100,Safe (Misting Detected)
2026-03-21 03:00:00 UTC,589,711,107.2,12.8,22.7,100,Safe (Misting Detected)
2026-03-21 03:00:10 UTC,590,713,93.8,11.7,22.7,100,Safe (Misting Detected)
2026-03-21 03:00:20 UTC,559,663,104.3,12.9,22.7,100,Safe (Misting Detected)
2026-03-21 03:00:30 UTC,570,664,97.9,12.1,22.7,100,Safe (Misting Detected)
2026-03-21 03:00:40 UTC,578,682,106,12.5,22.7,100,Safe (Misting Detected)
2026-03-21 03:00:50 UTC,583,688,95.7,11.5,22.7,100,Safe (Misting Detected)
2026-03-21 03:01:00 UTC,561,657,97.9,11.9,22.6,100,Safe (Misting Detected)
2026-03-21 03:01:10 UTC,549,643,91.1,11.4,22.7,100,Safe (Misting Detected)
2026-03-21 03:01:20 UTC,545,634,93.8,11.7,22.7,100,Safe (Misting Detected)
2026-03-21 03:01:30 UTC,534,615,105.5,12.8,22.7,100,Safe (Misting Detected)
2026-03-21 03:01:40 UTC,526,614,93.3,11.6,22.7,100,Safe (Misting Detected)
2026-03-21 03:01:50 UTC,513,594,101.3,12.1,22.7,100,Safe (Misting Detected)
2026-03-21 03:02:00 UTC,518,601,89.6,11.3,22.7,100,Safe (Misting Detected)
2026-03-21 03:02:10 UTC,494,572,107.2,12.5,22.7,100,Safe (Misting Detected)
2026-03-21 03:02:20 UTC,499,580,93.5,11.9,22.7,100,Safe (Misting Detected)
2026-03-21 03:02:30 UTC,495,576,105.5,12.9,22.7,100,Safe (Misting Detected)
2026-03-21 03:02:40 UTC,508,586,89.9,11,22.8,100,Safe (Misting Detected)
2026-03-21 03:02:50 UTC,513,584,103.1,12.1,22.7,100,Safe (Misting Detected)
2026-03-21 03:03:00 UTC,518,594,94,11.5,22.8,100,Safe (Misting Detected)
2026-03-21 03:03:10 UTC,511,592,104.5,12.5,22.8,100,Safe (Misting Detected)
2026-03-21 03:03:20 UTC,515,597,93.8,11.8,22.8,100,Safe (Misting Detected)
2026-03-21 03:03:30 UTC,518,602,96.9,11.9,22.8,100,Safe (Misting Detected)
2026-03-21 03:03:40 UTC,554,647,104,12.8,22.8,100,Safe (Misting Detected)
2026-03-21 03:03:50 UTC,558,651,93.5,11.3,22.7,100,Safe (Misting Detected)
2026-03-21 03:04:00 UTC,537,618,104,12.5,22.7,100,Safe (Misting Detected)
2026-03-21 03:04:10 UTC,553,643,92.6,11.3,22.7,100,Safe (Misting Detected)
2026-03-21 03:04:20 UTC,551,643,103.3,12.2,22.7,100,Safe (Misting Detected)
2026-03-21 03:04:30 UTC,525,613,95.2,11.7,22.7,100,Safe (Misting Detected)
2026-03-21 03:04:40 UTC,512,595,99.4,12.1,22.7,100,Safe (Misting Detected)
2026-03-21 03:04:50 UTC,497,575,97.4,11.6,22.8,100,Safe (Misting Detected)
2026-03-21 03:05:00 UTC,476,565,101.1,12.2,22.7,100,Safe (Misting Detected)
2026-03-21 03:05:10 UTC,478,567,107,13,22.7,100,Safe (Misting Detected)
2026-03-21 03:05:20 UTC,477,559,93,11.3,22.7,100,Safe (Misting Detected)
2026-03-21 03:05:30 UTC,463,541,104.3,12.4,22.7,100,Safe (Misting Detected)
2026-03-21 03:05:40 UTC,455,523,96.5,11.6,22.7,100,Safe (Misting Detected)
2026-03-21 03:05:50 UTC,452,525,105.5,12.8,22.7,100,Safe (Misting Detected)
2026-03-21 03:06:00 UTC,463,541,93.8,11.7,22.7,100,Safe (Misting Detected)
2026-03-21 03:06:10 UTC,473,549,106,12.9,22.7,100,Safe (Misting Detected)
2026-03-21 03:06:20 UTC,459,534,92.1,11.3,22.7,100,Safe (Misting Detected)
2026-03-21 03:06:30 UTC,482,563,101.1,12.5,22.7,100,Safe (Misting Detected)
2026-03-21 03:06:40 UTC,494,576,96.5,11.3,22.7,100,Safe (Misting Detected)
2026-03-21 03:06:50 UTC,508,596,106,12.8,22.7,100,Safe (Misting Detected)
2026-03-21 03:07:00 UTC,501,598,95,11.6,22.7,100,Safe (Misting Detected)
2026-03-21 03:07:10 UTC,500,596,102.3,12.9,22.8,100,Safe (Misting Detected)
2026-03-21 03:07:20 UTC,497,582,104.3,12.9,22.8,100,Safe (Misting Detected)
2026-03-21 03:07:30 UTC,495,579,97.4,11.7,22.8,100,Safe (Misting Detected)
2026-03-21 03:07:40 UTC,488,567,105.5,12.5,22.8,100,Safe (Misting Detected)
2026-03-21 03:07:50 UTC,491,577,94,11.5,22.8,100,Safe (Misting Detected)
2026-03-21 03:08:00 UTC,498,586,102.8,12.3,22.8,100,Safe (Misting Detected)
2026-03-21 03:08:10 UTC,492,572,89.4,11,22.8,100,Safe (Misting Detected)
2026-03-21 03:08:20 UTC,522,614,105.7,12.7,22.7,100,Safe (Misting Detected)
2026-03-21 03:08:30 UTC,530,619,90.1,11.3,22.8,100,Safe (Misting Detected)
2026-03-21 03:08:40 UTC,534,631,106.2,12.8,22.8,100,Safe (Misting Detected)
2026-03-21 03:08:50 UTC,525,631,93.8,11.8,22.7,100,Safe (Misting Detected)
2026-03-21 03:09:00 UTC,521,613,101.8,12,22.8,100,Safe (Misting Detected)
2026-03-21 03:09:10 UTC,506,592,87.9,11,22.8,100,Safe (Misting Detected)
2026-03-21 03:09:20 UTC,480,563,104.8,12.5,22.8,100,Safe (Misting Detected)
2026-03-21 03:09:30 UTC,472,553,102.3,12.5,22.8,100,Safe (Misting Detected)
2026-03-21 03:09:40 UTC,471,558,95,11.7,22.8,100,Safe (Misting Detected)
2026-03-21 03:09:50 UTC,495,585,104.3,12.8,22.8,100,Safe (Misting Detected)
2026-03-21 03:10:00 UTC,496,580,93.8,11.7,22.7,100,Safe (Misting Detected)
2026-03-21 03:10:10 UTC,488,570,105.5,12.5,22.8,100,Safe (Misting Detected)
2026-03-21 03:10:20 UTC,481,564,93.8,11.5,22.7,100,Safe (Misting Detected)
2026-03-21 03:10:30 UTC,482,561,104.8,12.8,22.7,100,Safe (Misting Detected)
2026-03-21 03:10:40 UTC,493,568,93.8,11.8,22.7,100,Safe (Misting Detected)
2026-03-21 03:10:50 UTC,512,602,105.5,12.5,22.7,100,Safe (Misting Detected)
2026-03-21 03:11:00 UTC,542,635,93.8,11.3,22.7,100,Safe (Misting Detected)
2026-03-21 03:11:10 UTC,545,641,104.5,12.9,22.7,100,Safe (Misting Detected)
2026-03-21 03:11:20 UTC,550,646,93.8,11.7,22.7,100,Safe (Misting Detected)
2026-03-21 03:11:30 UTC,540,625,105.7,12.9,22.7,100,Safe (Misting Detected)
2026-03-21 03:11:40 UTC,516,596,106.7,12.8,22.7,100,Safe (Misting Detected)
2026-03-21 03:11:50 UTC,517,600,95,11.8,22.7,100,Safe (Misting Detected)
2026-03-21 03:12:00 UTC,494,578,106.7,12.5,22.7,100,Safe (Misting Detected)
2026-03-21 03:12:10 UTC,492,571,95.2,11.7,22.7,100,Safe (Misting Detected)
2026-03-21 03:12:20 UTC,477,552,106.7,12.3,22.7,100,Safe (Misting Detected)
2026-03-21 03:12:30 UTC,478,563,91.3,11.3,22.7,100,Safe (Misting Detected)
2026-03-21 03:12:40 UTC,484,569,105.5,12.4,22.7,100,Safe (Misting Detected)
2026-03-21 03:12:50 UTC,490,571,92.1,11.2,22.7,100,Safe (Misting Detected)
2026-03-21 03:13:00 UTC,494,579,105.5,12.9,22.7,100,Safe (Misting Detected)
2026-03-21 03:13:10 UTC,498,585,93.8,11.7,22.7,100,Safe (Misting Detected)
2026-03-21 03:13:20 UTC,488,578,105.3,12.5,22.7,100,Safe (Misting Detected)
2026-03-21 03:13:30 UTC,474,566,93.8,11.8,22.7,100,Safe (Misting Detected)
2026-03-21 03:13:40 UTC,473,559,107.7,12.8,22.7,100,Safe (Misting Detected)
2026-03-21 03:13:50 UTC,452,537,105.7,12.8,22.8,100,Safe (Misting Detected)
2026-03-21 03:14:00 UTC,439,511,95,11.5,22.7,100,Safe (Misting Detected)
2026-03-21 03:14:10 UTC,436,506,102.1,12.2,22.7,100,Safe (Misting Detected)
2026-03-21 03:14:20 UTC,428,498,96.5,11.6,22.7,100,Safe (Misting Detected)
2026-03-21 03:14:30 UTC,427,487,100.4,12.2,22.7,100,Safe (Misting Detected)
2026-03-21 03:14:40 UTC,431,499,95.2,11.7,22.7,100,Safe (Misting Detected)
2026-03-21 03:14:50 UTC,434,513,103.8,12.9,22.7,100,Safe (Misting Detected)
2026-03-21 03:15:00 UTC,446,530,95.5,11.6,22.8,100,Safe (Misting Detected)
2026-03-21 03:15:10 UTC,422,502,103.5,12.3,22.8,100,Safe (Misting Detected)
2026-03-21 03:15:20 UTC,411,484,101.8,12.4,22.8,100,Safe (Misting Detected)
2026-03-21 03:15:30 UTC,415,484,104.8,12.9,22.8,100,Safe (Misting Detected)
2026-03-21 03:15:40 UTC,424,503,93.8,11.6,22.8,100,Safe (Misting Detected)
2026-03-21 03:15:50 UTC,431,510,92.1,11.2,22.8,100,Safe (Misting Detected)
2026-03-21 03:16:00 UTC,443,525,100.4,12.5,22.8,100,Safe (Misting Detected)
2026-03-21 03:16:10 UTC,461,544,96.2,11.6,22.8,100,Safe (Misting Detected)
2026-03-21 03:16:20 UTC,478,565,106.2,12.5,22.8,100,Safe (Misting Detected)
2026-03-21 03:16:30 UTC,477,562,94.5,11.7,22.8,100,Safe (Misting Detected)
2026-03-21 03:16:40 UTC,490,576,105.5,12.9,22.8,100,Safe (Misting Detected)
2026-03-21 03:16:50 UTC,493,584,93.3,11.6,22.8,100,Safe (Misting Detected)
2026-03-21 03:17:00 UTC,500,581,97.7,12.1,22.8,100,Safe (Misting Detected)
2026-03-21 03:17:10 UTC,503,583,96.7,11.6,22.8,100,Safe (Misting Detected)
2026-03-21 03:17:20 UTC,516,594,104,12.8,22.8,100,Safe (Misting Detected)
2026-03-21 03:17:30 UTC,536,623,105.3,12.5,22.8,100,Safe (Misting Detected)
2026-03-21 03:17:40 UTC,544,632,89.9,11.3,22.8,100,Safe (Misting Detected)
2026-03-21 03:17:50 UTC,544,638,105.5,12.5,22.8,100,Safe (Misting Detected)
2026-03-21 03:18:00 UTC,535,625,93.8,11.4,22.8,100,Safe (Misting Detected)
2026-03-21 03:18:10 UTC,520,610,103.3,12.9,22.8,100,Safe (Misting Detected)
2026-03-21 03:18:20 UTC,511,589,95.5,11.8,22.8,100,Safe (Misting Detected)
2026-03-21 03:18:30 UTC,501,583,99.4,12,22.8,100,Safe (Misting Detected)
2026-03-21 03:18:40 UTC,506,583,93,11.6,22.8,100,Safe (Misting Detected)
2026-03-21 03:18:50 UTC,503,575,100.9,12.1,22.8,100,Safe (Misting Detected)
2026-03-21 03:19:00 UTC,510,582,94.7,11.7,22.8,100,Safe (Misting Detected)
2026-03-21 03:19:10 UTC,524,597,105.3,12.9,22.9,100,Safe (Misting Detected)
2026-03-21 03:19:20 UTC,539,617,96.7,11.7,22.8,100,Safe (Misting Detected)
2026-03-21 03:19:30 UTC,546,627,103.8,12.5,22.9,100,Safe (Misting Detected)
2026-03-21 03:19:40 UTC,550,642,105.3,12.3,22.9,100,Safe (Misting Detected)
2026-03-21 03:19:50 UTC,549,640,95.2,11.5,22.8,100,Safe (Misting Detected)
2026-03-21 03:20:00 UTC,527,614,101.1,12.3,22.9,100,Safe (Misting Detected)
2026-03-21 03:20:10 UTC,514,596,93,11.7,22.9,100,Safe (Misting Detected)
2026-03-21 03:20:20 UTC,498,571,97.2,12.1,22.8,100,Safe (Misting Detected)
2026-03-21 03:20:30 UTC,491,566,89.6,11.2,22.9,100,Safe (Misting Detected)
2026-03-21 03:20:40 UTC,487,570,105.3,12.4,22.9,100,Safe (Misting Detected)
2026-03-21 03:20:50 UTC,492,579,95,11.6,22.9,100,Safe (Misting Detected)
2026-03-21 03:21:00 UTC,490,580,100.1,12.2,22.8,100,Safe (Misting Detected)
2026-03-21 03:21:10 UTC,504,590,95.5,11.7,22.9,100,Safe (Misting Detected)
2026-03-21 03:21:20 UTC,528,613,105.3,12.8,22.8,100,Safe (Misting Detected)
2026-03-21 03:21:30 UTC,563,677,92.3,11.7,22.8,100,Safe (Misting Detected)
2026-03-21 03:21:40 UTC,571,685,95.5,11.7,22.8,100,Safe (Misting Detected)
2026-03-21 03:21:50 UTC,551,651,105.5,12.8,22.8,100,Safe (Misting Detected)
2026-03-21 03:22:00 UTC,543,641,96.9,11.5,22.9,100,Safe (Misting Detected)
2026-03-21 03:22:10 UTC,530,622,104,12.8,22.9,100,Safe (Misting Detected)
2026-03-21 03:22:20 UTC,514,600,91.3,11.6,22.9,100,Safe (Misting Detected)
2026-03-21 03:22:30 UTC,513,593,97.4,12.1,22.9,100,Safe (Misting Detected)
2026-03-21 03:22:40 UTC,508,587,90.4,11.3,22.9,100,Safe (Misting Detected)
2026-03-21 03:22:50 UTC,534,614,104,12.5,22.9,100,Safe (Misting Detected)
2026-03-21 03:23:00 UTC,541,625,92.3,11.5,22.9,100,Safe (Misting Detected)
2026-03-21 03:23:10 UTC,568,661,104.8,12.8,22.9,100,Safe (Misting Detected)
2026-03-21 03:23:20 UTC,561,659,94.5,11.7,22.9,100,Safe (Misting Detected)
2026-03-21 03:23:30 UTC,543,632,98.4,12.2,22.9,100,Safe (Misting Detected)
2026-03-21 03:23:40 UTC,572,677,96.9,11.7,22.9,100,Safe (Misting Detected)
2026-03-21 03:23:50 UTC,585,693,93.3,11.8,22.9,100,Safe (Misting Detected)
2026-03-21 03:24:00 UTC,555,662,104.3,12.5,22.9,100,Safe (Misting Detected)
2026-03-21 03:24:10 UTC,541,636,89.9,11.1,22.9,100,Safe (Misting Detected)
2026-03-21 03:24:20 UTC,530,619,107.2,12.4,22.9,100,Safe (Misting Detected)
2026-03-21 03:24:30 UTC,513,593,93,11.8,22.9,100,Safe (Misting Detected)
2026-03-21 03:24:40 UTC,500,579,97.7,12.2,22.9,100,Safe (Misting Detected)
2026-03-21 03:24:50 UTC,494,567,95.2,11.6,22.9,100,Safe (Misting Detected)
2026-03-21 03:25:00 UTC,496,580,101.1,12.2,22.9,100,Safe (Misting Detected)
2026-03-21 03:25:10 UTC,509,602,91.6,11.7,22.9,100,Safe (Misting Detected)
2026-03-21 03:25:20 UTC,489,570,105.7,12.9,22.9,100,Safe (Misting Detected)
2026-03-21 03:25:30 UTC,500,580,103.8,12.5,22.9,100,Safe (Misting Detected)
2026-03-21 03:25:40 UTC,520,597,93.8,11.6,22.9,100,Safe (Misting Detected)
2026-03-21 03:25:50 UTC,533,613,86.4,11.3,22.9,100,Safe (Misting Detected)
2026-03-21 03:26:00 UTC,549,635,97.2,11.6,22.9,100,Safe (Misting Detected)
2026-03-21 03:26:10 UTC,573,683,105,12.5,22.9,100,Safe (Misting Detected)
2026-03-21 03:26:20 UTC,555,647,93.8,11.4,22.9,100,Safe (Misting Detected)
2026-03-21 03:26:30 UTC,556,644,104.8,12.5,23,100,Safe (Misting Detected)
2026-03-21 03:26:40 UTC,565,664,92.1,11.2,23,100,Safe (Misting Detected)
2026-03-21 03:26:50 UTC,554,651,102.8,12.5,23,100,Safe (Misting Detected)
2026-03-21 03:27:00 UTC,545,644,89.4,11.3,23,100,Safe (Misting Detected)
2026-03-21 03:27:10 UTC,538,626,105,12.8,23,100,Safe (Misting Detected)
2026-03-21 03:27:20 UTC,547,632,87.7,10.9,23,100,Safe (Misting Detected)
2026-03-21 03:27:30 UTC,546,636,102.8,12.5,23,100,Safe (Misting Detected)
2026-03-21 03:27:40 UTC,554,650,104.5,12.9,23,100,Safe (Misting Detected)
2026-03-21 03:27:50 UTC,533,638,89.6,11,23,100,Safe (Misting Detected)
2026-03-21 03:28:00 UTC,525,617,105.5,12.5,23,100,Safe (Misting Detected)
2026-03-21 03:28:10 UTC,525,614,94,11.5,23,100,Safe (Misting Detected)
2026-03-21 03:28:20 UTC,522,614,108.2,12.5,23,100,Safe (Misting Detected)
2026-03-21 03:28:30 UTC,525,618,94.3,11.5,23,100,Safe (Misting Detected)
2026-03-21 03:28:40 UTC,547,630,100.1,12.5,23,100,Safe (Misting Detected)
2026-03-21 03:28:50 UTC,554,630,95.2,11.4,23,100,Safe (Misting Detected)
2026-03-21 03:29:00 UTC,545,625,100.9,12.5,23,100,Safe (Misting Detected)
2026-03-21 03:29:10 UTC,559,652,94,11.4,22.9,100,Safe (Misting Detected)
2026-03-21 03:29:20 UTC,585,692,102.1,12.9,22.9,100,Safe (Misting Detected)
2026-03-21 03:29:30 UTC,586,693,95.5,11.7,22.9,100,Safe (Misting Detected)
2026-03-21 03:29:40 UTC,603,707,107.2,12.5,23,100,Safe (Misting Detected)
2026-03-21 03:29:50 UTC,600,694,101.3,12,23,100,Safe (Misting Detected)
2026-03-21 03:30:00 UTC,593,688,93,11.4,23,100,Safe (Misting Detected)
2026-03-21 03:30:10 UTC,579,667,101.6,12.5,23,100,Safe (Misting Detected)
2026-03-21 03:30:20 UTC,584,694,92.8,11.1,22.9,100,Safe (Misting Detected)
2026-03-21 03:30:30 UTC,575,680,105.5,12.9,23,100,Safe (Misting Detected)
2026-03-21 03:30:40 UTC,569,671,94.3,12,22.9,100,Safe (Misting Detected)
2026-03-21 03:30:50 UTC,574,676,105.5,12.5,22.9,100,Safe (Misting Detected)
2026-03-21 03:31:00 UTC,587,692,93.3,11.7,22.9,100,Safe (Misting Detected)
2026-03-21 03:31:10 UTC,598,713,105.5,12.9,22.9,100,Safe (Misting Detected)
2026-03-21 03:31:20 UTC,670,836,94.5,11.5,22.8,100,Safe (Misting Detected)
2026-03-21 03:31:30 UTC,667,807,105.5,12.5,22.8,100,Safe (Misting Detected)
2026-03-21 03:31:40 UTC,622,731,88.6,11,22.8,100,Safe (Misting Detected)
2026-03-21 03:31:50 UTC,589,684,94.3,12,22.8,100,Safe (Misting Detected)
2026-03-21 03:32:00 UTC,568,655,102.6,12.4,22.8,100,Safe (Misting Detected)
2026-03-21 03:32:10 UTC,554,633,96.9,11.8,22.8,100,Safe (Misting Detected)
2026-03-21 03:32:20 UTC,530,613,106.2,12.9,22.8,100,Safe (Misting Detected)
2026-03-21 03:32:30 UTC,533,615,93.3,11.9,22.8,100,Safe (Misting Detected)
2026-03-21 03:32:40 UTC,534,621,105.3,12.5,22.8,100,Safe (Misting Detected)
2026-03-21 03:32:50 UTC,550,650,95.7,11.7,22.8,100,Safe (Misting Detected)
2026-03-21 03:33:00 UTC,566,669,101.1,12.2,22.8,100,Safe (Misting Detected)
2026-03-21 03:33:10 UTC,578,675,93.3,11.4,22.8,100,Safe (Misting Detected)
2026-03-21 03:33:20 UTC,583,674,105.5,12.4,22.8,100,Safe (Misting Detected)
2026-03-21 03:33:30 UTC,595,684,95.2,11.5,22.8,100,Safe (Misting Detected)
2026-03-21 03:33:40 UTC,561,654,105.5,12.8,22.8,100,Safe (Misting Detected)
2026-03-21 03:33:50 UTC,557,655,94,11.7,22.8,100,Safe (Misting Detected)
2026-03-21 03:34:00 UTC,579,676,93.5,11.5,22.8,100,Safe (Misting Detected)
2026-03-21 03:34:10 UTC,613,719,104.3,12.5,22.8,100,Safe (Misting Detected)
2026-03-21 03:34:20 UTC,605,709,93,11.8,22.8,100,Safe (Misting Detected)
2026-03-21 03:34:30 UTC,586,684,104,12.5,22.8,100,Safe (Misting Detected)
2026-03-21 03:34:40 UTC,597,703,96.7,11.9,22.8,100,Safe (Misting Detected)
2026-03-21 03:34:50 UTC,603,714,106.5,12.8,22.7,100,Safe (Misting Detected)
2026-03-21 03:35:00 UTC,600,702,94.3,11.9,22.8,100,Safe (Misting Detected)
2026-03-21 03:35:10 UTC,578,668,107,12.5,22.7,100,Safe (Misting Detected)
2026-03-21 03:35:20 UTC,575,666,95.7,11.3,22.8,100,Safe (Misting Detected)
2026-03-21 03:35:30 UTC,558,648,101.1,12.3,22.8,100,Safe (Misting Detected)
2026-03-21 03:35:40 UTC,583,682,106.7,13,22.7,100,Safe (Misting Detected)
2026-03-21 03:35:50 UTC,594,698,97.4,11.6,22.7,100,Safe (Misting Detected)
2026-03-21 03:36:00 UTC,619,727,88.6,11.3,22.7,100,Safe (Misting Detected)
2026-03-21 03:36:10 UTC,617,732,93.3,11.6,22.7,100,Safe (Misting Detected)
2026-03-21 03:36:20 UTC,647,761,106.7,12.5,22.7,100,Safe (Misting Detected)
2026-03-21 03:36:30 UTC,662,778,92.1,11.7,22.7,100,Safe (Misting Detected)
2026-03-21 03:36:40 UTC,653,765,105.7,12.9,22.7,100,Safe (Misting Detected)
2026-03-21 03:36:50 UTC,658,767,95.5,11.7,22.7,100,Safe (Misting Detected)
2026-03-21 03:37:00 UTC,655,767,105,12.5,22.8,100,Safe (Misting Detected)
2026-03-21 03:37:10 UTC,649,761,87.7,11.2,22.7,100,Safe (Misting Detected)
2026-03-21 03:37:20 UTC,656,765,99.9,12.1,22.7,100,Safe (Misting Detected)
2026-03-21 03:37:30 UTC,635,745,89.4,11.1,22.7,100,Safe (Misting Detected)
2026-03-21 03:37:40 UTC,634,740,105.5,12.5,22.7,100,Safe (Misting Detected)
2026-03-21 03:37:50 UTC,627,729,96.9,12.1,22.7,100,Safe (Misting Detected)
2026-03-21 03:38:00 UTC,620,728,95.5,11.6,22.8,100,Safe (Misting Detected)
2026-03-21 03:38:10 UTC,589,684,102.1,12.5,22.8,100,Safe (Misting Detected)
2026-03-21 03:38:20 UTC,575,670,95.2,11.8,22.8,100,Safe (Misting Detected)
2026-03-21 03:38:30 UTC,557,647,105.3,12.9,22.8,100,Safe (Misting Detected)
2026-03-21 03:38:40 UTC,581,684,93.8,11.7,22.8,100,Safe (Misting Detected)
2026-03-21 03:38:50 UTC,594,698,103.1,12.8,22.7,100,Safe (Misting Detected)
2026-03-21 03:39:00 UTC,599,702,91.8,12,22.7,100,Safe (Misting Detected)
2026-03-21 03:39:10 UTC,611,712,103.1,12.1,22.7,100,Safe (Misting Detected)
2026-03-21 03:39:20 UTC,659,791,95.5,12,22.7,100,Safe (Misting Detected)
2026-03-21 03:39:30 UTC,690,824,104,12.8,22.7,100,Safe (Misting Detected)
2026-03-21 03:39:40 UTC,672,788,92.3,11.6,22.7,100,Safe (Misting Detected)
2026-03-21 03:39:50 UTC,656,757,94,11.8,22.7,100,Safe (Misting Detected)
2026-03-21 03:40:00 UTC,632,725,101.8,12.8,22.7,100,Safe (Misting Detected)
2026-03-21 03:40:10 UTC,631,724,93,11.8,22.7,100,Safe (Misting Detected)
2026-03-21 03:40:20 UTC,631,731,102.3,12.4,22.7,100,Safe (Misting Detected)
2026-03-21 03:40:30 UTC,608,701,95.5,11.6,22.7,100,Safe (Misting Detected)
2026-03-21 03:40:40 UTC,626,717,105.5,12.9,22.7,100,Safe (Misting Detected)
2026-03-21 03:40:50 UTC,638,750,92.8,11.6,22.7,100,Safe (Misting Detected)
2026-03-21 03:41:00 UTC,638,763,102.3,12.5,22.7,100,Safe (Misting Detected)
2026-03-21 03:41:10 UTC,627,753,96.2,11.6,22.7,100,Safe (Misting Detected)
2026-03-21 03:41:20 UTC,643,779,103.3,12.5,22.7,100,Safe (Misting Detected)
2026-03-21 03:41:30 UTC,630,762,93,11.4,22.8,100,Safe (Misting Detected)
2026-03-21 03:41:40 UTC,619,728,104.5,12.5,22.8,100,Safe (Misting Detected)
2026-03-21 03:41:50 UTC,613,713,88.4,11.3,22.8,100,Safe (Misting Detected)
2026-03-21 03:42:00 UTC,625,727,94.7,11.6,22.7,100,Safe (Misting Detected)
2026-03-21 03:42:10 UTC,603,700,102.8,12.9,22.8,100,Safe (Misting Detected)
2026-03-21 03:42:20 UTC,598,697,88.6,11.1,22.8,100,Safe (Misting Detected)
2026-03-21 03:42:30 UTC,600,696,103.8,12.5,22.8,100,Safe (Misting Detected)
2026-03-21 03:42:40 UTC,581,674,94.5,11.6,22.8,100,Safe (Misting Detected)
2026-03-21 03:42:50 UTC,584,680,106,12.9,22.7,100,Safe (Misting Detected)
2026-03-21 03:43:00 UTC,601,704,94,11.5,22.7,100,Safe (Misting Detected)
2026-03-21 03:43:10 UTC,626,738,96.9,12.3,22.7,100,Safe (Misting Detected)
2026-03-21 03:43:20 UTC,619,734,95.5,11.6,22.7,100,Safe (Misting Detected)
2026-03-21 03:43:30 UTC,611,715,105.7,12.8,22.8,100,Safe (Misting Detected)
2026-03-21 03:43:40 UTC,612,717,89.6,10.9,22.7,100,Safe (Misting Detected)
2026-03-21 03:43:50 UTC,597,705,95,11.6,22.7,100,Safe (Misting Detected)
2026-03-21 03:44:00 UTC,591,706,95.5,11.7,22.8,100,Safe (Misting Detected)
2026-03-21 03:44:10 UTC,587,699,92.8,11.8,22.8,100,Safe (Misting Detected)
2026-03-21 03:44:20 UTC,591,697,105,12.9,22.8,100,Safe (Misting Detected)
2026-03-21 03:44:30 UTC,599,700,96.5,11.7,22.8,100,Safe (Misting Detected)
2026-03-21 03:44:40 UTC,598,703,104.8,12.5,22.8,100,Safe (Misting Detected)
2026-03-21 03:44:50 UTC,597,708,86.4,10.9,22.7,100,Safe (Misting Detected)
2026-03-21 03:45:00 UTC,585,688,104,12.5,22.7,100,Safe (Misting Detected)
2026-03-21 03:45:10 UTC,599,700,89.6,11.1,22.7,100,Safe (Misting Detected)
2026-03-21 03:45:20 UTC,598,691,106,12.5,22.7,100,Safe (Misting Detected)
2026-03-21 03:45:30 UTC,576,668,92.6,11.6,22.7,100,Safe (Misting Detected)
2026-03-21 03:45:40 UTC,563,650,105.5,12.9,22.8,100,Safe (Misting Detected)
2026-03-21 03:45:50 UTC,548,631,105.3,12.5,22.8,100,Safe (Misting Detected)
2026-03-21 03:46:00 UTC,571,665,95.5,11.9,22.6,100,Safe (Misting Detected)
2026-03-21 03:46:10 UTC,573,658,105.5,13.1,22.7,100,Safe (Misting Detected)
2026-03-21 03:46:20 UTC,572,663,94.5,11.9,22.7,100,Safe (Misting Detected)
2026-03-21 03:46:30 UTC,566,657,103.8,13.1,22.7,100,Safe (Misting Detected)
2026-03-21 03:46:40 UTC,559,645,87.7,11.2,22.7,100,Safe (Misting Detected)
2026-03-21 03:46:50 UTC,556,645,106.5,12.9,22.7,100,Safe (Misting Detected)
2026-03-21 03:47:00 UTC,572,665,104.8,12.8,22.7,100,Safe (Misting Detected)
2026-03-21 03:47:10 UTC,573,668,93.8,11.7,22.7,100,Safe (Misting Detected)
2026-03-21 03:47:20 UTC,579,672,107,12.9,22.7,100,Safe (Misting Detected)
2026-03-21 03:47:30 UTC,590,688,96.7,12.2,22.7,100,Safe (Misting Detected)
2026-03-21 03:47:40 UTC,619,727,103.1,12.9,22.7,100,Safe (Misting Detected)
2026-03-21 03:47:50 UTC,635,739,95.5,11.6,22.7,100,Safe (Misting Detected)
2026-03-21 03:48:00 UTC,611,697,104.8,13.1,22.7,100,Safe (Misting Detected)
2026-03-21 03:48:10 UTC,610,697,96.9,11.8,22.7,100,Safe (Misting Detected)
2026-03-21 03:48:20 UTC,606,693,105.5,12.8,22.7,100,Safe (Misting Detected)
2026-03-21 03:48:30 UTC,629,715,97.7,12,22.7,100,Safe (Misting Detected)
2026-03-21 03:48:40 UTC,619,721,101.1,12.2,22.7,100,Safe (Misting Detected)
2026-03-21 03:48:50 UTC,604,704,97.2,11.7,22.7,100,Safe (Misting Detected)
2026-03-21 03:49:00 UTC,590,680,105.5,12.8,22.7,100,Safe (Misting Detected)
2026-03-21 03:49:10 UTC,564,656,98.9,12.9,22.7,100,Safe (Misting Detected)
2026-03-21 03:49:20 UTC,553,648,94.5,11.8,22.7,100,Safe (Misting Detected)
2026-03-21 03:49:30 UTC,546,645,104.8,12.9,22.7,100,Safe (Misting Detected)
2026-03-21 03:49:40 UTC,553,660,97.2,12.1,22.7,100,Safe (Misting Detected)
2026-03-21 03:49:50 UTC,562,658,106.7,13,22.7,100,Safe (Misting Detected)
2026-03-21 03:50:00 UTC,569,659,93.8,11.8,22.6,100,Safe (Misting Detected)
2026-03-21 03:50:10 UTC,571,663,108.2,13.1,22.7,100,Safe (Misting Detected)
2026-03-21 03:50:20 UTC,596,692,96,11.7,22.7,100,Safe (Misting Detected)
2026-03-21 03:50:30 UTC,637,751,103.5,13,22.6,100,Safe (Misting Detected)
2026-03-21 03:50:40 UTC,664,778,94,11.9,22.6,100,Safe (Misting Detected)
2026-03-21 03:50:50 UTC,645,743,105.3,13,22.7,100,Safe (Misting Detected)
2026-03-21 03:51:00 UTC,618,705,91.1,11.6,22.7,100,Safe (Misting Detected)
2026-03-21 03:51:10 UTC,600,680,97.2,12.1,22.7,100,Safe (Misting Detected)
2026-03-21 03:51:20 UTC,589,672,105.5,12.9,22.7,100,Safe (Misting Detected)
2026-03-21 03:51:30 UTC,576,660,96.9,11.9,22.7,100,Safe (Misting Detected)
2026-03-21 03:51:40 UTC,551,635,98.2,12.2,22.7,100,Safe (Misting Detected)
2026-03-21 03:51:50 UTC,555,635,92.3,11.6,22.7,100,Safe (Misting Detected)
2026-03-21 03:52:00 UTC,569,657,105.7,13,22.7,100,Safe (Misting Detected)
2026-03-21 03:52:10 UTC,574,673,98.4,12,22.7,100,Safe (Misting Detected)
2026-03-21 03:52:20 UTC,563,659,100.1,12.2,22.8,100,Safe (Misting Detected)
2026-03-21 03:52:30 UTC,559,647,93.8,11.7,22.7,100,Safe (Misting Detected)
2026-03-21 03:52:40 UTC,565,654,99.1,12.2,22.8,100,Safe (Misting Detected)
2026-03-21 03:52:50 UTC,549,647,91.3,11.8,22.7,100,Safe (Misting Detected)
2026-03-21 03:53:00 UTC,556,660,106.2,12.8,22.7,100,Safe (Misting Detected)
2026-03-21 03:53:10 UTC,541,641,93.8,11.7,22.7,100,Safe (Misting Detected)
2026-03-21 03:53:20 UTC,532,621,95.2,12,22.7,100,Safe (Misting Detected)
2026-03-21 03:53:30 UTC,549,630,105,13,22.8,100,Safe (Misting Detected)
2026-03-21 03:53:40 UTC,533,608,95.5,11.7,22.7,100,Safe (Misting Detected)
2026-03-21 03:53:50 UTC,529,604,105.3,13.2,22.8,100,Safe (Misting Detected)
2026-03-21 03:54:00 UTC,513,587,96.2,12.1,22.8,100,Safe (Misting Detected)
2026-03-21 03:54:10 UTC,516,598,105.7,12.9,22.8,100,Safe (Misting Detected)
2026-03-21 03:54:20 UTC,521,613,95.2,11.9,22.8,100,Safe (Misting Detected)
2026-03-21 03:54:30 UTC,522,614,100.9,12.5,22.8,100,Safe (Misting Detected)
2026-03-21 03:54:40 UTC,535,618,90.8,11.5,22.8,100,Safe (Misting Detected)
2026-03-21 03:54:50 UTC,522,602,105.5,13.1,22.8,100,Safe (Misting Detected)
2026-03-21 03:55:00 UTC,530,612,102.8,12.9,22.8,100,Safe (Misting Detected)
2026-03-21 03:55:10 UTC,561,647,94.3,11.3,22.8,100,Safe (Misting Detected)
2026-03-21 03:55:20 UTC,610,724,93.8,11.8,22.8,100,Safe (Misting Detected)
2026-03-21 03:55:30 UTC,616,733,91.8,11.8,22.7,100,Safe (Misting Detected)
2026-03-21 03:55:40 UTC,627,728,105.5,13,22.7,100,Safe (Misting Detected)
2026-03-21 03:55:50 UTC,629,715,88.4,11.4,22.8,100,Safe (Misting Detected)
2026-03-21 03:56:00 UTC,626,717,104.3,12.9,22.8,100,Safe (Misting Detected)
2026-03-21 03:56:10 UTC,633,731,97.7,11.8,22.7,100,Safe (Misting Detected)
2026-03-21 03:56:20 UTC,664,783,101.8,13,22.7,100,Safe (Misting Detected)
2026-03-21 03:56:30 UTC,664,774,93.3,11.8,22.7,100,Safe (Misting Detected)
2026-03-21 03:56:40 UTC,694,827,105.5,13,22.7,100,Safe (Misting Detected)
2026-03-21 03:56:50 UTC,750,906,96,11.8,22.7,100,Safe (Misting Detected)
2026-03-21 03:57:00 UTC,728,885,97.7,12,22.7,100,Safe (Misting Detected)
2026-03-21 03:57:10 UTC,710,856,104.8,12.9,22.7,100,Safe (Misting Detected)
2026-03-21 03:57:20 UTC,720,859,95,12.1,22.7,100,Safe (Misting Detected)
2026-03-21 03:57:30 UTC,687,819,101.3,13.2,22.7,100,Safe (Misting Detected)
2026-03-21 03:57:40 UTC,653,772,92.1,11.3,22.7,100,Safe (Misting Detected)
2026-03-21 03:57:50 UTC,617,719,106.5,12.7,22.7,100,Safe (Misting Detected)
2026-03-21 03:58:00 UTC,597,689,96.7,12,22.7,100,Safe (Misting Detected)
2026-03-21 03:58:10 UTC,601,699,104,12.9,22.7,100,Safe (Misting Detected)
2026-03-21 03:58:20 UTC,598,696,97.9,12,22.7,100,Safe (Misting Detected)
2026-03-21 03:58:30 UTC,600,692,108.9,13,22.7,100,Safe (Misting Detected)
2026-03-21 03:58:40 UTC,599,684,94,11.7,22.8,100,Safe (Misting Detected)
2026-03-21 03:58:50 UTC,612,703,105.5,12.9,22.8,100,Safe (Misting Detected)
2026-03-21 03:59:00 UTC,585,676,97.2,12.1,22.7,100,Safe (Misting Detected)
2026-03-21 03:59:10 UTC,587,683,105.7,12.9,22.7,100,Safe (Misting Detected)
2026-03-21 03:59:20 UTC,576,670,105.5,13.2,22.7,100,Safe (Misting Detected)
2026-03-21 03:59:30 UTC,569,655,97.2,11.9,22.7,100,Safe (Misting Detected)
2026-03-21 03:59:40 UTC,565,649,108.4,13.2,22.7,100,Safe (Misting Detected)
2026-03-21 03:59:50 UTC,561,642,91.1,11.7,22.7,100,Safe (Misting Detected)
2026-03-21 04:00:00 UTC,558,650,105,13,22.7,100,Safe (Misting Detected)
2026-03-21 04:00:10 UTC,567,658,94.7,12.1,22.7,100,Safe (Misting Detected)
2026-03-21 04:00:20 UTC,565,657,105.3,13.2,22.7,100,Safe (Misting Detected)
2026-03-21 04:00:30 UTC,559,651,93.5,12.1,22.7,100,Safe (Misting Detected)
2026-03-21 04:00:40 UTC,552,633,104.3,12.9,22.7,100,Safe (Misting Detected)
2026-03-21 04:00:50 UTC,533,621,94.5,11.8,22.7,100,Safe (Misting Detected)
2026-03-21 04:01:00 UTC,532,614,106.2,12.8,22.7,100,Safe (Misting Detected)
2026-03-21 04:01:10 UTC,547,630,95.5,12.1,22.7,100,Safe (Misting Detected)
2026-03-21 04:01:20 UTC,561,636,95.2,12.1,22.7,100,Safe (Misting Detected)
2026-03-21 04:01:30 UTC,582,661,109.2,12.9,22.7,100,Safe (Misting Detected)
2026-03-21 04:01:40 UTC,594,681,90.4,11.3,22.7,100,Safe (Misting Detected)
2026-03-21 04:01:50 UTC,619,719,104.5,12.9,22.7,100,Safe (Misting Detected)
2026-03-21 04:02:00 UTC,626,730,97.7,12.2,22.7,100,Safe (Misting Detected)
2026-03-21 04:02:10 UTC,614,708,105.3,13,22.7,100,Safe (Misting Detected)
2026-03-21 04:02:20 UTC,596,682,96.2,12.1,22.7,100,Safe (Misting Detected)
2026-03-21 04:02:30 UTC,582,665,103.8,13.2,22.7,100,Safe (Misting Detected)
2026-03-21 04:02:40 UTC,571,657,94.7,11.9,22.7,100,Safe (Misting Detected)
2026-03-21 04:02:50 UTC,563,654,98.4,12.1,22.7,100,Safe (Misting Detected)
2026-03-21 04:03:00 UTC,564,656,93.8,11.6,22.7,100,Safe (Misting Detected)
2026-03-21 04:03:10 UTC,565,655,103.1,12.9,22.7,100,Safe (Misting Detected)
2026-03-21 04:03:20 UTC,564,651,96.5,12,22.7,100,Safe (Misting Detected)
2026-03-21 04:03:30 UTC,592,681,94.3,12.1,22.7,100,Safe (Misting Detected)
2026-03-21 04:03:40 UTC,618,731,102.8,12.8,22.7,100,Safe (Misting Detected)
2026-03-21 04:03:50 UTC,634,750,95.2,12.1,22.7,100,Safe (Misting Detected)
2026-03-21 04:04:00 UTC,642,757,107,13.2,22.7,100,Safe (Misting Detected)
2026-03-21 04:04:10 UTC,628,743,94.3,11.8,22.7,100,Safe (Misting Detected)
2026-03-21 04:04:20 UTC,611,728,106.7,12.9,22.7,100,Safe (Misting Detected)
2026-03-21 04:04:30 UTC,610,721,93.8,11.9,22.7,100,Safe (Misting Detected)
2026-03-21 04:04:40 UTC,593,695,106,13.1,22.7,100,Safe (Misting Detected)
2026-03-21 04:04:50 UTC,578,677,97.7,11.9,22.7,100,Safe (Misting Detected)
2026-03-21 04:05:00 UTC,571,666,105.5,12.9,22.7,100,Safe (Misting Detected)
2026-03-21 04:05:10 UTC,587,686,107.7,13.3,22.7,100,Safe (Misting Detected)
2026-03-21 04:05:20 UTC,576,668,95,11.6,22.7,100,Safe (Misting Detected)
2026-03-21 04:05:30 UTC,613,711,98.2,11.8,22.7,100,Safe (Misting Detected)
2026-03-21 04:05:40 UTC,614,712,96,11.9,22.7,100,Safe (Misting Detected)
2026-03-21 04:05:50 UTC,589,680,106,12.9,22.7,100,Safe (Misting Detected)
2026-03-21 04:06:00 UTC,577,665,95.5,12,22.7,100,Safe (Misting Detected)
2026-03-21 04:06:10 UTC,590,677,99.4,12.3,22.7,100,Safe (Misting Detected)
2026-03-21 04:06:20 UTC,587,684,97.7,12.2,22.7,100,Safe (Misting Detected)
2026-03-21 04:06:30 UTC,623,725,107.2,13.1,22.7,100,Safe (Misting Detected)
2026-03-21 04:06:40 UTC,626,732,96,11.9,22.7,100,Safe (Misting Detected)
2026-03-21 04:06:50 UTC,654,773,106.2,13.1,22.7,100,Safe (Misting Detected)
2026-03-21 04:07:00 UTC,667,781,90.1,11.4,22.7,100,Safe (Misting Detected)
2026-03-21 04:07:10 UTC,682,812,96.7,11.8,22.7,100,Safe (Misting Detected)
2026-03-21 04:07:20 UTC,676,806,105.5,12.9,22.7,100,Safe (Misting Detected)
2026-03-21 04:07:30 UTC,658,777,97.4,12,22.7,100,Safe (Misting Detected)
2026-03-21 04:07:40 UTC,658,770,106,12.9,22.7,100,Safe (Misting Detected)
2026-03-21 04:07:50 UTC,660,777,96.2,12.2,22.7,100,Safe (Misting Detected)
2026-03-21 04:08:00 UTC,646,757,104,12.9,22.7,100,Safe (Misting Detected)
2026-03-21 04:08:10 UTC,625,726,90.6,12,22.7,100,Safe (Misting Detected)
2026-03-21 04:08:20 UTC,620,733,103.5,12.9,22.7,100,Safe (Misting Detected)
2026-03-21 04:08:30 UTC,639,755,94.3,12.3,22.6,100,Safe (Misting Detected)
2026-03-21 04:08:40 UTC,625,729,108.7,13.3,22.6,100,Safe (Misting Detected)
2026-03-21 04:08:50 UTC,612,711,94.5,12.1,22.6,100,Safe (Misting Detected)
2026-03-21 04:09:00 UTC,588,685,107,13,22.7,100,Safe (Misting Detected)
2026-03-21 04:09:10 UTC,581,681,94.7,12.1,22.7,100,Safe (Misting Detected)
2026-03-21 04:09:20 UTC,574,676,106.2,13,22.7,100,Safe (Misting Detected)
2026-03-21 04:09:30 UTC,555,646,105.7,13,22.7,100,Safe (Misting Detected)
2026-03-21 04:09:40 UTC,570,668,92.6,11.8,22.7,100,Safe (Misting Detected)
2026-03-21 04:09:50 UTC,591,695,103.3,12.9,22.7,100,Safe (Misting Detected)
2026-03-21 04:10:00 UTC,591,695,89.9,11.3,22.7,100,Safe (Misting Detected)
2026-03-21 04:10:10 UTC,563,650,107.9,12.9,22.7,100,Safe (Misting Detected)
2026-03-21 04:10:20 UTC,579,678,96.5,12.1,22.7,100,Safe (Misting Detected)
2026-03-21 04:10:30 UTC,591,697,107,13.2,22.7,100,Safe (Misting Detected)
2026-03-21 04:10:40 UTC,579,683,96,11.9,22.7,100,Safe (Misting Detected)
2026-03-21 04:10:50 UTC,571,667,99.9,12.5,22.7,100,Safe (Misting Detected)
2026-03-21 04:11:00 UTC,556,642,92.1,11.4,22.7,100,Safe (Misting Detected)
2026-03-21 04:11:10 UTC,566,662,101.3,12.5,22.7,100,Safe (Misting Detected)
2026-03-21 04:11:20 UTC,580,673,97.7,11.9,22.7,100,Safe (Misting Detected)
2026-03-21 04:11:30 UTC,571,664,105.5,13.2,22.6,100,Safe (Misting Detected)
2026-03-21 04:11:40 UTC,561,642,107.7,13.2,22.7,100,Safe (Misting Detected)
2026-03-21 04:11:50 UTC,538,615,89.6,11.5,22.7,100,Safe (Misting Detected)
2026-03-21 04:12:00 UTC,502,582,109.6,12.9,22.7,100,Safe (Misting Detected)
2026-03-21 04:12:10 UTC,489,574,97.4,12.1,22.7,100,Safe (Misting Detected)
2026-03-21 04:12:20 UTC,489,566,105.5,13.4,22.7,100,Safe (Misting Detected)
2026-03-21 04:12:30 UTC,483,557,94.3,11.8,22.7,100,Safe (Misting Detected)
2026-03-21 04:12:40 UTC,469,548,106.2,12.9,22.7,100,Safe (Misting Detected)
2026-03-21 04:12:50 UTC,477,557,97.9,12.1,22.7,100,Safe (Misting Detected)
2026-03-21 04:13:00 UTC,488,568,104.3,13.4,22.7,100,Safe (Misting Detected)
2026-03-21 04:13:10 UTC,529,602,89.9,11.3,22.7,100,Safe (Misting Detected)
2026-03-21 04:13:20 UTC,530,605,105.3,12.9,22.7,100,Safe (Misting Detected)
2026-03-21 04:13:30 UTC,502,579,96.5,12.1,22.7,100,Safe (Misting Detected)
2026-03-21 04:13:40 UTC,484,567,86.7,11.3,22.7,100,Safe (Misting Detected)
2026-03-21 04:13:50 UTC,492,574,106,13.2,22.7,100,Safe (Misting Detected)
2026-03-21 04:14:00 UTC,478,564,95.2,12.1,22.7,100,Safe (Misting Detected)
2026-03-21 04:14:10 UTC,494,577,108.9,12.9,22.7,100,Safe (Misting Detected)
2026-03-21 04:14:20 UTC,509,591,97.7,12,22.7,100,Safe (Misting Detected)
2026-03-21 04:14:30 UTC,517,604,97.7,12.4,22.7,100,Safe (Misting Detected)
2026-03-21 04:14:40 UTC,511,599,98.2,12.1,22.7,100,Safe (Misting Detected)
2026-03-21 04:14:50 UTC,524,619,105.5,12.9,22.7,100,Safe (Misting Detected)
2026-03-21 04:15:00 UTC,535,631,89.4,11.4,22.7,100,Safe (Misting Detected)
2026-03-21 04:15:10 UTC,535,621,107.9,12.9,22.7,100,Safe (Misting Detected)
2026-03-21 04:15:20 UTC,523,599,94.5,11.9,22.7,100,Safe (Misting Detected)
2026-03-21 04:15:30 UTC,517,589,104.8,12.9,22.7,100,Safe (Misting Detected)
2026-03-21 04:15:40 UTC,502,577,95,12,22.7,100,Safe (Misting Detected)
2026-03-21 04:15:50 UTC,491,564,96,11.4,22.7,100,Safe (Misting Detected)
2026-03-21 04:16:00 UTC,485,566,107,12.9,22.7,100,Safe (Misting Detected)
2026-03-21 04:16:10 UTC,461,545,97.9,12,22.7,100,Safe (Misting Detected)
2026-03-21 04:16:20 UTC,462,550,107.2,12.9,22.8,100,Safe (Misting Detected)
2026-03-21 04:16:30 UTC,472,551,98.4,11.7,22.8,100,Safe (Misting Detected)
2026-03-21 04:16:40 UTC,456,537,105.7,12.7,22.8,100,Safe (Misting Detected)
2026-03-21 04:16:50 UTC,442,519,95.2,11.6,22.8,100,Safe (Misting Detected)
2026-03-21 04:17:00 UTC,426,504,102.8,12.5,22.8,100,Safe (Misting Detected)
2026-03-21 04:17:10 UTC,415,493,93.8,11.5,22.8,100,Safe (Misting Detected)
2026-03-21 04:17:20 UTC,410,488,105.5,12.9,22.8,100,Safe (Misting Detected)
2026-03-21 04:17:30 UTC,420,502,103.8,12.9,22.8,100,Safe (Misting Detected)
2026-03-21 04:17:40 UTC,422,504,104.8,13,22.8,100,Safe (Misting Detected)
2026-03-21 04:17:50 UTC,428,508,95,11.8,22.8,100,Safe (Misting Detected)
2026-03-21 04:18:00 UTC,439,519,93.8,12,22.8,100,Safe (Misting Detected)
2026-03-21 04:18:10 UTC,445,531,105,13,22.8,100,Safe (Misting Detected)
2026-03-21 04:18:20 UTC,458,545,97.9,11.8,22.8,100,Safe (Misting Detected)
2026-03-21 04:18:30 UTC,475,555,103.3,13,22.8,100,Safe (Misting Detected)
2026-03-21 04:18:40 UTC,489,564,92.6,11.6,22.8,100,Safe (Misting Detected)
2026-03-21 04:18:50 UTC,505,582,104,13,22.8,100,Safe (Misting Detected)
2026-03-21 04:19:00 UTC,502,576,92.8,11.8,22.8,100,Safe (Misting Detected)
2026-03-21 04:19:10 UTC,492,575,105.5,12.5,22.8,100,Safe (Misting Detected)
2026-03-21 04:19:20 UTC,472,565,96.2,11.8,22.8,100,Safe (Misting Detected)
2026-03-21 04:19:30 UTC,482,581,106.5,13,22.8,100,Safe (Misting Detected)
2026-03-21 04:19:40 UTC,530,636,108.9,13.3,22.8,100,Safe (Misting Detected)
2026-03-21 04:19:50 UTC,572,679,97.9,11.9,22.8,100,Safe (Misting Detected)
2026-03-21 04:20:00 UTC,605,722,106.7,12.9,22.8,100,Safe (Misting Detected)
2026-03-21 04:20:10 UTC,619,762,93.8,12.1,22.8,100,Safe (Misting Detected)
2026-03-21 04:20:20 UTC,617,754,105,13.2,22.8,100,Safe (Misting Detected)
2026-03-21 04:20:30 UTC,626,745,94.5,12.1,22.8,100,Safe (Misting Detected)
2026-03-21 04:20:40 UTC,622,722,105.5,13.2,22.8,100,Safe (Misting Detected)
2026-03-21 04:20:50 UTC,630,733,97.2,12.2,22.8,100,Safe (Misting Detected)
2026-03-21 04:21:00 UTC,648,770,105.5,13,22.8,100,Safe (Misting Detected)
2026-03-21 04:21:10 UTC,636,751,87.7,11.4,22.8,100,Safe (Misting Detected)
2026-03-21 04:21:20 UTC,621,724,107,12.9,22.8,100,Safe (Misting Detected)
2026-03-21 04:21:30 UTC,623,723,99.6,11.8,22.8,100,Safe (Misting Detected)
2026-03-21 04:21:40 UTC,653,757,96.5,12.1,22.8,100,Safe (Misting Detected)
2026-03-21 04:21:50 UTC,647,759,105.5,12.9,22.8,100,Safe (Misting Detected)
2026-03-21 04:22:00 UTC,640,746,92.1,11.7,22.8,100,Safe (Misting Detected)
2026-03-21 04:22:10 UTC,615,719,107,13,22.8,100,Safe (Misting Detected)
2026-03-21 04:22:20 UTC,599,704,93.5,11.8,22.8,100,Safe (Misting Detected)
2026-03-21 04:22:30 UTC,595,693,108.9,12.8,22.8,100,Safe (Misting Detected)
2026-03-21 04:22:40 UTC,578,680,97.7,11.9,22.8,100,Safe (Misting Detected)
2026-03-21 04:22:50 UTC,576,685,107.9,13.2,22.8,100,Safe (Misting Detected)
2026-03-21 04:23:00 UTC,591,695,95,12.1,22.8,100,Safe (Misting Detected)
2026-03-21 04:23:10 UTC,592,681,105.3,13,22.7,100,Safe (Misting Detected)
2026-03-21 04:23:20 UTC,595,684,91.6,11.3,22.8,100,Safe (Misting Detected)
2026-03-21 04:23:30 UTC,591,679,104.8,13.1,22.8,100,Safe (Misting Detected)
2026-03-21 04:23:40 UTC,607,705,97.7,12,22.7,100,Safe (Misting Detected)
2026-03-21 04:23:50 UTC,634,738,96.5,11.8,22.7,100,Safe (Misting Detected)
2026-03-21 04:24:00 UTC,626,740,104.8,12.8,22.7,100,Safe (Misting Detected)
2026-03-21 04:24:10 UTC,611,715,97.4,11.9,22.8,100,Safe (Misting Detected)
2026-03-21 04:24:20 UTC,594,687,107.7,13,22.7,100,Safe (Misting Detected)
2026-03-21 04:24:30 UTC,597,687,94,12.1,22.7,100,Safe (Misting Detected)
2026-03-21 04:24:40 UTC,594,682,103.3,12.5,22.7,100,Safe (Misting Detected)
2026-03-21 04:24:50 UTC,599,680,95.5,12.2,22.7,100,Safe (Misting Detected)
2026-03-21 04:25:00 UTC,584,678,103.1,12.5,22.7,100,Safe (Misting Detected)
2026-03-21 04:25:10 UTC,558,656,94,11.9,22.7,100,Safe (Misting Detected)
2026-03-21 04:25:20 UTC,587,694,98.2,12.2,22.7,100,Safe (Misting Detected)
2026-03-21 04:25:30 UTC,625,739,94,11.5,22.7,100,Safe (Misting Detected)
2026-03-21 04:25:40 UTC,651,766,100.4,12.3,22.7,100,Safe (Misting Detected)
2026-03-21 04:25:50 UTC,634,738,91.6,11.6,22.7,100,Safe (Misting Detected)
2026-03-21 04:26:00 UTC,626,724,97.7,12,22.7,100,Safe (Misting Detected)
2026-03-21 04:26:10 UTC,623,726,102.3,12.5,22.7,100,Safe (Misting Detected)
2026-03-21 04:26:20 UTC,643,754,94.3,12,22.7,100,Safe (Misting Detected)
2026-03-21 04:26:30 UTC,639,747,105.5,13,22.7,100,Safe (Misting Detected)
2026-03-21 04:26:40 UTC,636,738,95.5,12,22.7,100,Safe (Misting Detected)
2026-03-21 04:26:50 UTC,620,707,99.9,12.5,22.7,100,Safe (Misting Detected)
2026-03-21 04:27:00 UTC,621,719,93.5,12.1,22.7,100,Safe (Misting Detected)
2026-03-21 04:27:10 UTC,628,732,104,13.1,22.7,100,Safe (Misting Detected)
2026-03-21 04:27:20 UTC,605,698,95,11.8,22.7,100,Safe (Misting Detected)
2026-03-21 04:27:30 UTC,584,673,106.2,13.1,22.7,100,Safe (Misting Detected)
2026-03-21 04:27:40 UTC,574,671,94.5,11.7,22.7,100,Safe (Misting Detected)
2026-03-21 04:27:50 UTC,585,682,104.8,12.5,22.7,100,Safe (Misting Detected)
2026-03-21 04:28:00 UTC,602,702,93.5,12,22.7,100,Safe (Misting Detected)
2026-03-21 04:28:10 UTC,621,720,95.5,12.1,22.7,100,Safe (Misting Detected)
2026-03-21 04:28:20 UTC,613,706,107.9,12.9,22.7,100,Safe (Misting Detected)
2026-03-21 04:28:30 UTC,596,683,96.2,11.8,22.7,100,Safe (Misting Detected)
2026-03-21 04:28:40 UTC,595,681,103.3,12.8,22.7,100,Safe (Misting Detected)
2026-03-21 04:28:50 UTC,591,683,96.5,11.9,22.7,100,Safe (Misting Detected)
2026-03-21 04:29:00 UTC,650,761,102.6,12.8,22.7,100,Safe (Misting Detected)
2026-03-21 04:29:10 UTC,670,796,97.7,12.1,22.7,100,Safe (Misting Detected)
2026-03-21 04:29:20 UTC,655,774,100.9,12.2,22.6,100,Safe (Misting Detected)
2026-03-21 04:29:30 UTC,644,758,97.7,11.7,22.7,100,Safe (Misting Detected)
2026-03-21 04:29:40 UTC,659,777,94,11.7,22.7,100,Safe (Misting Detected)
2026-03-21 04:29:50 UTC,672,801,106,12.8,22.7,100,Safe (Misting Detected)
2026-03-21 04:30:00 UTC,683,812,94.7,12.1,22.7,100,Safe (Misting Detected)
2026-03-21 04:30:10 UTC,673,792,89.9,11.9,22.7,100,Safe (Misting Detected)
2026-03-21 04:30:20 UTC,654,759,98.7,11.8,22.7,100,Safe (Misting Detected)
2026-03-21 04:30:30 UTC,655,775,105.5,12.8,22.7,100,Safe (Misting Detected)
2026-03-21 04:30:40 UTC,656,766,91.6,12.1,22.7,100,Safe (Misting Detected)
2026-03-21 04:30:50 UTC,666,765,107.9,13,22.7,100,Safe (Misting Detected)
2026-03-21 04:31:00 UTC,672,775,97.2,12,22.7,100,Safe (Misting Detected)
2026-03-21 04:31:10 UTC,651,754,108.4,12.9,22.7,100,Safe (Misting Detected)
2026-03-21 04:31:20 UTC,644,760,95.2,12.1,22.7,100,Safe (Misting Detected)
2026-03-21 04:31:30 UTC,619,735,104.3,13.1,22.7,100,Safe (Misting Detected)
2026-03-21 04:31:40 UTC,614,719,95,12.2,22.7,100,Safe (Misting Detected)
2026-03-21 04:31:50 UTC,609,708,97.7,11.9,22.7,100,Safe (Misting Detected)
2026-03-21 04:32:00 UTC,660,779,107,13.3,22.7,100,Safe (Misting Detected)
2026-03-21 04:32:10 UTC,751,919,96.9,11.8,22.7,100,Safe (Misting Detected)
2026-03-21 04:32:20 UTC,797,997,100.6,12.8,22.7,100,Safe (Misting Detected)
2026-03-21 04:32:30 UTC,803,994,94.5,12,22.7,100,Safe (Misting Detected)
2026-03-21 04:32:40 UTC,816,1074,100.6,12.5,22.7,100,Safe (Misting Detected)
2026-03-21 04:32:50 UTC,773,973,94.5,11.9,22.7,100,Safe (Misting Detected)
2026-03-21 04:33:00 UTC,734,882,104.8,12.5,22.7,100,Safe (Misting Detected)
2026-03-21 04:33:10 UTC,672,788,94.7,11.8,22.7,100,Safe (Misting Detected)
2026-03-21 04:33:20 UTC,671,774,108.4,12.9,22.7,100,Safe (Misting Detected)
2026-03-21 04:33:30 UTC,670,781,98.9,12.1,22.7,100,Safe (Misting Detected)
2026-03-21 04:33:40 UTC,643,755,106,13,22.7,100,Safe (Misting Detected)
2026-03-21 04:33:50 UTC,640,760,96,12.1,22.7,100,Safe (Misting Detected)
2026-03-21 04:34:00 UTC,649,761,95.2,12.3,22.7,100,Safe (Misting Detected)
2026-03-21 04:34:10 UTC,622,723,110.1,13.1,22.7,100,Safe (Misting Detected)
2026-03-21 04:34:20 UTC,601,700,96,11.8,22.7,100,Safe (Misting Detected)
2026-03-21 04:34:30 UTC,598,698,105.7,13,22.7,100,Safe (Misting Detected)
2026-03-21 04:34:40 UTC,607,712,94.7,12.1,22.7,100,Safe (Misting Detected)
2026-03-21 04:34:50 UTC,627,725,107,12.9,22.7,100,Safe (Misting Detected)
2026-03-21 04:35:00 UTC,632,727,97.2,12,22.7,100,Safe (Misting Detected)
2026-03-21 04:35:10 UTC,631,719,104.3,12.9,22.7,100,Safe (Misting Detected)
2026-03-21 04:35:20 UTC,634,727,97.9,12,22.7,100,Safe (Misting Detected)
2026-03-21 04:35:30 UTC,611,713,99.4,12.5,22.7,100,Safe (Misting Detected)
2026-03-21 04:35:40 UTC,591,692,96.9,11.7,22.7,100,Safe (Misting Detected)
2026-03-21 04:35:50 UTC,581,673,95.5,11.7,22.7,100,Safe (Misting Detected)
2026-03-21 04:36:00 UTC,618,719,97.7,12.2,22.7,100,Safe (Misting Detected)
2026-03-21 04:36:10 UTC,665,805,91.6,11.8,22.7,100,Safe (Misting Detected)
2026-03-21 04:36:20 UTC,667,801,104,12.9,22.7,100,Safe (Misting Detected)
2026-03-21 04:36:30 UTC,684,816,96.5,12.3,22.7,100,Safe (Misting Detected)
2026-03-21 04:36:40 UTC,699,850,101.8,13,22.7,100,Safe (Misting Detected)
2026-03-21 04:36:50 UTC,713,863,95.2,11.8,22.7,100,Safe (Misting Detected)
2026-03-21 04:37:00 UTC,690,820,102.6,13.2,22.7,100,Safe (Misting Detected)
2026-03-21 04:37:10 UTC,674,792,97.9,12.1,22.7,100,Safe (Misting Detected)
2026-03-21 04:37:20 UTC,635,742,105.3,12.9,22.7,100,Safe (Misting Detected)
2026-03-21 04:37:30 UTC,623,720,98.9,11.6,22.7,100,Safe (Misting Detected)
2026-03-21 04:37:40 UTC,612,711,104,13.1,22.7,100,Safe (Misting Detected)
2026-03-21 04:37:50 UTC,596,697,96.9,11.8,22.7,100,Safe (Misting Detected)
2026-03-21 04:38:00 UTC,610,727,89.9,11.2,22.7,100,Safe (Misting Detected)
2026-03-21 04:38:10 UTC,625,743,96.7,12,22.7,100,Safe (Misting Detected)
2026-03-21 04:38:20 UTC,635,761,93.8,11.6,22.7,100,Safe (Misting Detected)
2026-03-21 04:38:30 UTC,630,735,104.3,12.9,22.7,100,Safe (Misting Detected)
2026-03-21 04:38:40 UTC,628,727,97.7,12,22.7,100,Safe (Misting Detected)
2026-03-21 04:38:50 UTC,643,742,108.2,12.9,22.7,100,Safe (Misting Detected)
2026-03-21 04:39:00 UTC,618,719,95.5,12,22.7,100,Safe (Misting Detected)
2026-03-21 04:39:10 UTC,609,713,103.8,12.8,22.7,100,Safe (Misting Detected)
2026-03-21 04:39:20 UTC,631,747,91.3,11.7,22.7,100,Safe (Misting Detected)
2026-03-21 04:39:30 UTC,622,749,104.3,13,22.7,100,Safe (Misting Detected)
2026-03-21 04:39:40 UTC,627,743,94,11.6,22.7,100,Safe (Misting Detected)
2026-03-21 04:39:50 UTC,628,750,106.7,13.2,22.7,100,Safe (Misting Detected)
2026-03-21 04:40:00 UTC,642,765,106.7,13,22.7,100,Safe (Misting Detected)
2026-03-21 04:40:10 UTC,636,772,97.7,12.1,22.7,100,Safe (Misting Detected)
2026-03-21 04:40:20 UTC,655,785,94.7,12,22.7,100,Safe (Misting Detected)
2026-03-21 04:40:30 UTC,657,786,96,12.2,22.7,100,Safe (Misting Detected)
2026-03-21 04:40:40 UTC,641,772,107.2,12.9,22.7,100,Safe (Misting Detected)
2026-03-21 04:40:50 UTC,602,726,96,11.7,22.6,100,Safe (Misting Detected)
2026-03-21 04:41:00 UTC,566,678,104.5,12.9,22.7,100,Safe (Misting Detected)
2026-03-21 04:41:10 UTC,553,660,95.5,11.7,22.7,100,Safe (Misting Detected)
2026-03-21 04:41:20 UTC,560,657,105.3,13,22.7,100,Safe (Misting Detected)
2026-03-21 04:41:30 UTC,558,650,93.8,11.9,22.7,100,Safe (Misting Detected)
2026-03-21 04:41:40 UTC,559,638,106.7,13.1,22.7,100,Safe (Misting Detected)
2026-03-21 04:41:50 UTC,546,618,98.4,11.8,22.7,100,Safe (Misting Detected)
2026-03-21 04:42:00 UTC,536,610,105.5,12.5,22.7,100,Safe (Misting Detected)
2026-03-21 04:42:10 UTC,539,631,104,12.5,22.7,100,Safe (Misting Detected)
2026-03-21 04:42:20 UTC,551,646,96.2,11.8,22.7,100,Safe (Misting Detected)
2026-03-21 04:42:30 UTC,549,635,104.5,13,22.7,100,Safe (Misting Detected)
2026-03-21 04:42:40 UTC,534,622,97.7,11.6,22.7,100,Safe (Misting Detected)
2026-03-21 04:42:50 UTC,517,602,96.7,12.2,22.7,100,Safe (Misting Detected)
2026-03-21 04:43:00 UTC,511,602,87.4,11.3,22.7,100,Safe (Misting Detected)
2026-03-21 04:43:10 UTC,496,587,100.9,12.4,22.7,100,Safe (Misting Detected)
2026-03-21 04:43:20 UTC,492,582,99.1,11.9,22.7,100,Safe (Misting Detected)
2026-03-21 04:43:30 UTC,477,568,108.9,12.9,22.7,100,Safe (Misting Detected)
2026-03-21 04:43:40 UTC,496,590,97.7,12,22.7,100,Safe (Misting Detected)
2026-03-21 04:43:50 UTC,516,612,104,12.5,22.6,100,Safe (Misting Detected)
2026-03-21 04:44:00 UTC,518,604,96.5,12.2,22.7,100,Safe (Misting Detected)
2026-03-21 04:44:10 UTC,566,668,96.5,11.7,22.7,100,Safe (Misting Detected)
2026-03-21 04:44:20 UTC,604,722,108.4,13.4,22.6,100,Safe (Misting Detected)
2026-03-21 04:44:30 UTC,608,726,93.8,12,22.6,100,Safe (Misting Detected)
2026-03-21 04:44:40 UTC,629,757,108.2,13.3,22.6,100,Safe (Misting Detected)
2026-03-21 04:44:50 UTC,641,758,96.9,12.2,22.6,100,Safe (Misting Detected)
2026-03-21 04:45:00 UTC,639,748,105.5,13,22.6,100,Safe (Misting Detected)
2026-03-21 04:45:10 UTC,660,788,96,12.1,22.6,100,Safe (Misting Detected)
2026-03-21 04:45:20 UTC,684,816,106.7,13,22.6,100,Safe (Misting Detected)
2026-03-21 04:45:30 UTC,680,814,97.2,11.9,22.6,100,Safe (Misting Detected)
2026-03-21 04:45:40 UTC,668,801,107.7,13.3,22.6,100,Safe (Misting Detected)
2026-03-21 04:45:50 UTC,685,827,94,12,22.6,100,Safe (Misting Detected)
2026-03-21 04:46:00 UTC,663,791,108.9,13.3,22.6,100,Safe (Misting Detected)
2026-03-21 04:46:10 UTC,616,726,95.2,12.1,22.6,100,Safe (Misting Detected)
2026-03-21 04:46:20 UTC,592,694,91.3,11.8,22.7,100,Safe (Misting Detected)
2026-03-21 04:46:30 UTC,588,678,106,13,22.6,100,Safe (Misting Detected)
2026-03-21 04:46:40 UTC,633,743,98.4,12.1,22.6,100,Safe (Misting Detected)
2026-03-21 04:46:50 UTC,660,789,105.5,12.9,22.6,100,Safe (Misting Detected)
2026-03-21 04:47:00 UTC,627,744,97.2,11.9,22.6,100,Safe (Misting Detected)
2026-03-21 04:47:10 UTC,645,768,105.7,12.9,22.7,100,Safe (Misting Detected)
2026-03-21 04:47:20 UTC,642,762,96,11.9,22.7,100,Safe (Misting Detected)
2026-03-21 04:47:30 UTC,625,735,100.1,12.3,22.7,100,Safe (Misting Detected)
2026-03-21 04:47:40 UTC,614,735,96,12,22.7,100,Safe (Misting Detected)
2026-03-21 04:47:50 UTC,602,712,103.1,12.9,22.7,100,Safe (Misting Detected)
2026-03-21 04:48:00 UTC,620,728,105.7,13.3,22.7,100,Safe (Misting Detected)
2026-03-21 04:48:10 UTC,635,732,91.1,11.5,22.7,100,Safe (Misting Detected)
2026-03-21 04:48:20 UTC,630,727,89.4,11.7,22.7,100,Safe (Misting Detected)
2026-03-21 04:48:30 UTC,623,725,96.2,11.9,22.7,100,Safe (Misting Detected)
2026-03-21 04:48:40 UTC,608,721,102.1,12.5,22.7,100,Safe (Misting Detected)
2026-03-21 04:48:50 UTC,583,688,97.7,12,22.7,100,Safe (Misting Detected)
2026-03-21 04:49:00 UTC,561,658,108.2,13,22.7,100,Safe (Misting Detected)
2026-03-21 04:49:10 UTC,561,660,90.1,11.6,22.6,100,Safe (Misting Detected)
2026-03-21 04:49:20 UTC,557,647,107.7,13.2,22.6,100,Safe (Misting Detected)
2026-03-21 04:49:30 UTC,554,653,86,10.5,22.6,100,Safe (Misting Detected)
2026-03-21 04:49:40 UTC,565,661,108.7,13,22.6,100,Safe (Misting Detected)
2026-03-21 04:49:50 UTC,575,673,96,11.8,22.6,100,Safe (Misting Detected)
2026-03-21 04:50:00 UTC,587,688,103.1,13.2,22.6,100,Safe (Misting Detected)
2026-03-21 04:50:10 UTC,584,683,107.2,12.8,22.6,100,Safe (Misting Detected)
2026-03-21 04:50:20 UTC,577,676,95.5,12.1,22.6,100,Safe (Misting Detected)
2026-03-21 04:50:30 UTC,581,669,105,13,22.6,100,Safe (Misting Detected)
2026-03-21 04:50:40 UTC,574,655,97.7,12.1,22.6,100,Safe (Misting Detected)
2026-03-21 04:50:50 UTC,577,665,101.6,12.3,22.6,100,Safe (Misting Detected)
2026-03-21 04:51:00 UTC,577,662,95.5,11.9,22.6,100,Safe (Misting Detected)
2026-03-21 04:51:10 UTC,569,654,106,12.9,22.6,100,Safe (Misting Detected)
2026-03-21 04:51:20 UTC,563,657,95.2,11.7,22.6,100,Safe (Misting Detected)
2026-03-21 04:51:30 UTC,560,649,104.8,12.9,22.6,100,Safe (Misting Detected)
2026-03-21 04:51:40 UTC,583,674,95.7,12.3,22.6,100,Safe (Misting Detected)
2026-03-21 04:51:50 UTC,602,693,105.5,12.9,22.6,100,Safe (Misting Detected)
2026-03-21 04:52:00 UTC,645,750,97.7,11.9,22.5,100,Safe (Misting Detected)
2026-03-21 04:52:10 UTC,682,804,97.9,12.2,22.6,100,Safe (Misting Detected)
2026-03-21 04:52:20 UTC,660,777,106,12.9,22.6,100,Safe (Misting Detected)
2026-03-21 04:52:30 UTC,642,745,100.4,11.9,22.6,100,Safe (Misting Detected)
2026-03-21 04:52:40 UTC,630,734,107,13.3,22.6,100,Safe (Misting Detected)
2026-03-21 04:52:50 UTC,615,718,93.8,11.5,22.6,100,Safe (Misting Detected)
2026-03-21 04:53:00 UTC,634,731,107.9,13.1,22.6,100,Safe (Misting Detected)
2026-03-21 04:53:10 UTC,645,745,97.7,11.9,22.6,100,Safe (Misting Detected)
2026-03-21 04:53:20 UTC,645,742,107.2,13.3,22.6,100,Safe (Misting Detected)
2026-03-21 04:53:30 UTC,669,775,96.9,12.1,22.5,100,Safe (Misting Detected)
2026-03-21 04:53:40 UTC,672,778,106.7,13.3,22.5,100,Safe (Misting Detected)
2026-03-21 04:53:50 UTC,669,784,94.3,11.7,22.6,100,Safe (Misting Detected)
2026-03-21 04:54:00 UTC,690,828,95.2,11.9,22.6,100,Safe (Misting Detected)
2026-03-21 04:54:10 UTC,699,838,96,12.4,22.6,100,Safe (Misting Detected)
2026-03-21 04:54:20 UTC,683,826,92.3,11.6,22.6,100,Safe (Misting Detected)
2026-03-21 04:54:30 UTC,653,780,100.9,12.8,22.6,100,Safe (Misting Detected)
2026-03-21 04:54:40 UTC,633,745,97.9,12.1,22.6,100,Safe (Misting Detected)
2026-03-21 04:54:50 UTC,622,718,108.7,13.1,22.6,100,Safe (Misting Detected)
2026-03-21 04:55:00 UTC,634,743,96.2,12.1,22.6,100,Safe (Misting Detected)
2026-03-21 04:55:10 UTC,634,755,105.7,13.3,22.6,100,Safe (Misting Detected)
2026-03-21 04:55:20 UTC,641,773,97.7,12,22.6,100,Safe (Misting Detected)
2026-03-21 04:55:30 UTC,641,767,95.2,12.5,22.6,100,Safe (Misting Detected)